_step,train/loss,train/rewards/chosen,train/rewards/rejected,train/rewards/margins,train/rewards/accuracies,train/learning_rate,run_id,run_label,phase,family
0,0.6772,0.01995544509263709,-0.017853011999977752,0.03780845664441586,0.35,2.0000000000000003e-06,7o2bifgt,AOS-Qwen3-8B (Narrated DPO),DPO,aos-qwen3
1,0.3525,0.42549378246767444,-0.6103440911043435,1.0358378814533353,1.0,4.5e-06,7o2bifgt,AOS-Qwen3-8B (Narrated DPO),DPO,aos-qwen3
2,0.0333,1.4850700637325644,-2.476583296060562,3.9616533517837524,1.0,4.849231551964771e-06,7o2bifgt,AOS-Qwen3-8B (Narrated DPO),DPO,aos-qwen3
3,0.0025,2.083893768489361,-4.535995501279831,6.619889223575592,1.0,4.267766952966369e-06,7o2bifgt,AOS-Qwen3-8B (Narrated DPO),DPO,aos-qwen3
4,0.0004,2.5062339901924133,-5.810375016927719,8.316609025001526,1.0,3.3550503583141726e-06,7o2bifgt,AOS-Qwen3-8B (Narrated DPO),DPO,aos-qwen3
5,0.0004,2.6524487785995006,-6.707798266410828,9.360247135162354,1.0,2.2821106431308546e-06,7o2bifgt,AOS-Qwen3-8B (Narrated DPO),DPO,aos-qwen3
6,0.0002,2.557993522286415,-6.839398038387299,9.397391510009765,1.0,1.2500000000000007e-06,7o2bifgt,AOS-Qwen3-8B (Narrated DPO),DPO,aos-qwen3
7,0.0001,2.598341703414917,-7.069622921943664,9.667964565753937,1.0,4.5211988927752026e-07,7o2bifgt,AOS-Qwen3-8B (Narrated DPO),DPO,aos-qwen3
8,0.0001,2.9821616023778916,-7.068752717971802,10.050914359092712,1.0,3.798061746947995e-08,7o2bifgt,AOS-Qwen3-8B (Narrated DPO),DPO,aos-qwen3
9,,2.139660596847534,-8.766204833984375,10.905865669250488,1.0,,7o2bifgt,AOS-Qwen3-8B (Narrated DPO),DPO,aos-qwen3
