_step,train/loss,train/reward,train/reward_std,train/rewards/combined_reward/mean,train/clip_ratio/high_mean,run_id,run_label,phase,family
0,,,,,,4ejpywei,Qwen-Manimator-1 (GRPO RL),GRPO,qwen-manimator
1,,,,,,4ejpywei,Qwen-Manimator-1 (GRPO RL),GRPO,qwen-manimator
2,,,,,,4ejpywei,Qwen-Manimator-1 (GRPO RL),GRPO,qwen-manimator
3,,,,,,4ejpywei,Qwen-Manimator-1 (GRPO RL),GRPO,qwen-manimator
4,,,,,,4ejpywei,Qwen-Manimator-1 (GRPO RL),GRPO,qwen-manimator
5,,,,,,4ejpywei,Qwen-Manimator-1 (GRPO RL),GRPO,qwen-manimator
6,,,,,,4ejpywei,Qwen-Manimator-1 (GRPO RL),GRPO,qwen-manimator
7,,,,,,4ejpywei,Qwen-Manimator-1 (GRPO RL),GRPO,qwen-manimator
8,,,,,,4ejpywei,Qwen-Manimator-1 (GRPO RL),GRPO,qwen-manimator
9,,,,,,4ejpywei,Qwen-Manimator-1 (GRPO RL),GRPO,qwen-manimator
10,,,,,,4ejpywei,Qwen-Manimator-1 (GRPO RL),GRPO,qwen-manimator
11,,,,,,4ejpywei,Qwen-Manimator-1 (GRPO RL),GRPO,qwen-manimator
12,,,,,,4ejpywei,Qwen-Manimator-1 (GRPO RL),GRPO,qwen-manimator
13,,,,,,4ejpywei,Qwen-Manimator-1 (GRPO RL),GRPO,qwen-manimator
14,,,,,,4ejpywei,Qwen-Manimator-1 (GRPO RL),GRPO,qwen-manimator
15,,,,,,4ejpywei,Qwen-Manimator-1 (GRPO RL),GRPO,qwen-manimator
16,,,,,,4ejpywei,Qwen-Manimator-1 (GRPO RL),GRPO,qwen-manimator
17,,,,,,4ejpywei,Qwen-Manimator-1 (GRPO RL),GRPO,qwen-manimator
18,,,,,,4ejpywei,Qwen-Manimator-1 (GRPO RL),GRPO,qwen-manimator
19,,,,,,4ejpywei,Qwen-Manimator-1 (GRPO RL),GRPO,qwen-manimator
20,,,,,,4ejpywei,Qwen-Manimator-1 (GRPO RL),GRPO,qwen-manimator
21,,,,,,4ejpywei,Qwen-Manimator-1 (GRPO RL),GRPO,qwen-manimator
22,,,,,,4ejpywei,Qwen-Manimator-1 (GRPO RL),GRPO,qwen-manimator
23,,,,,,4ejpywei,Qwen-Manimator-1 (GRPO RL),GRPO,qwen-manimator
24,,,,,,4ejpywei,Qwen-Manimator-1 (GRPO RL),GRPO,qwen-manimator
25,,,,,,4ejpywei,Qwen-Manimator-1 (GRPO RL),GRPO,qwen-manimator
26,,,,,,4ejpywei,Qwen-Manimator-1 (GRPO RL),GRPO,qwen-manimator
27,,,,,,4ejpywei,Qwen-Manimator-1 (GRPO RL),GRPO,qwen-manimator
28,,,,,,4ejpywei,Qwen-Manimator-1 (GRPO RL),GRPO,qwen-manimator
29,,,,,,4ejpywei,Qwen-Manimator-1 (GRPO RL),GRPO,qwen-manimator
30,,,,,,4ejpywei,Qwen-Manimator-1 (GRPO RL),GRPO,qwen-manimator
31,,,,,,4ejpywei,Qwen-Manimator-1 (GRPO RL),GRPO,qwen-manimator
32,,,,,,4ejpywei,Qwen-Manimator-1 (GRPO RL),GRPO,qwen-manimator
33,,,,,,4ejpywei,Qwen-Manimator-1 (GRPO RL),GRPO,qwen-manimator
34,,,,,,4ejpywei,Qwen-Manimator-1 (GRPO RL),GRPO,qwen-manimator
35,,,,,,4ejpywei,Qwen-Manimator-1 (GRPO RL),GRPO,qwen-manimator
36,,,,,,4ejpywei,Qwen-Manimator-1 (GRPO RL),GRPO,qwen-manimator
37,,,,,,4ejpywei,Qwen-Manimator-1 (GRPO RL),GRPO,qwen-manimator
38,,,,,,4ejpywei,Qwen-Manimator-1 (GRPO RL),GRPO,qwen-manimator
39,,,,,,4ejpywei,Qwen-Manimator-1 (GRPO RL),GRPO,qwen-manimator
40,,,,,,4ejpywei,Qwen-Manimator-1 (GRPO RL),GRPO,qwen-manimator
41,,,,,,4ejpywei,Qwen-Manimator-1 (GRPO RL),GRPO,qwen-manimator
42,,,,,,4ejpywei,Qwen-Manimator-1 (GRPO RL),GRPO,qwen-manimator
43,,,,,,4ejpywei,Qwen-Manimator-1 (GRPO RL),GRPO,qwen-manimator
44,,,,,,4ejpywei,Qwen-Manimator-1 (GRPO RL),GRPO,qwen-manimator
45,,,,,,4ejpywei,Qwen-Manimator-1 (GRPO RL),GRPO,qwen-manimator
46,,,,,,4ejpywei,Qwen-Manimator-1 (GRPO RL),GRPO,qwen-manimator
47,,,,,,4ejpywei,Qwen-Manimator-1 (GRPO RL),GRPO,qwen-manimator
48,,,,,,4ejpywei,Qwen-Manimator-1 (GRPO RL),GRPO,qwen-manimator
49,,,,,,4ejpywei,Qwen-Manimator-1 (GRPO RL),GRPO,qwen-manimator
50,,,,,,4ejpywei,Qwen-Manimator-1 (GRPO RL),GRPO,qwen-manimator
51,,,,,,4ejpywei,Qwen-Manimator-1 (GRPO RL),GRPO,qwen-manimator
52,,,,,,4ejpywei,Qwen-Manimator-1 (GRPO RL),GRPO,qwen-manimator
53,,,,,,4ejpywei,Qwen-Manimator-1 (GRPO RL),GRPO,qwen-manimator
54,,,,,,4ejpywei,Qwen-Manimator-1 (GRPO RL),GRPO,qwen-manimator
55,,,,,,4ejpywei,Qwen-Manimator-1 (GRPO RL),GRPO,qwen-manimator
56,,,,,,4ejpywei,Qwen-Manimator-1 (GRPO RL),GRPO,qwen-manimator
57,,,,,,4ejpywei,Qwen-Manimator-1 (GRPO RL),GRPO,qwen-manimator
58,,,,,,4ejpywei,Qwen-Manimator-1 (GRPO RL),GRPO,qwen-manimator
59,,,,,,4ejpywei,Qwen-Manimator-1 (GRPO RL),GRPO,qwen-manimator
60,,,,,,4ejpywei,Qwen-Manimator-1 (GRPO RL),GRPO,qwen-manimator
61,,,,,,4ejpywei,Qwen-Manimator-1 (GRPO RL),GRPO,qwen-manimator
62,,,,,,4ejpywei,Qwen-Manimator-1 (GRPO RL),GRPO,qwen-manimator
63,,,,,,4ejpywei,Qwen-Manimator-1 (GRPO RL),GRPO,qwen-manimator
64,,,,,,4ejpywei,Qwen-Manimator-1 (GRPO RL),GRPO,qwen-manimator
65,,,,,,4ejpywei,Qwen-Manimator-1 (GRPO RL),GRPO,qwen-manimator
66,,,,,,4ejpywei,Qwen-Manimator-1 (GRPO RL),GRPO,qwen-manimator
67,,,,,,4ejpywei,Qwen-Manimator-1 (GRPO RL),GRPO,qwen-manimator
68,,,,,,4ejpywei,Qwen-Manimator-1 (GRPO RL),GRPO,qwen-manimator
69,,,,,,4ejpywei,Qwen-Manimator-1 (GRPO RL),GRPO,qwen-manimator
70,0.0,0.41578408479690554,0.02927286378107965,0.41578408479690554,0.0,4ejpywei,Qwen-Manimator-1 (GRPO RL),GRPO,qwen-manimator
71,,,,,,4ejpywei,Qwen-Manimator-1 (GRPO RL),GRPO,qwen-manimator
72,,,,,,4ejpywei,Qwen-Manimator-1 (GRPO RL),GRPO,qwen-manimator
73,,,,,,4ejpywei,Qwen-Manimator-1 (GRPO RL),GRPO,qwen-manimator
74,,,,,,4ejpywei,Qwen-Manimator-1 (GRPO RL),GRPO,qwen-manimator
75,,,,,,4ejpywei,Qwen-Manimator-1 (GRPO RL),GRPO,qwen-manimator
76,,,,,,4ejpywei,Qwen-Manimator-1 (GRPO RL),GRPO,qwen-manimator
77,,,,,,4ejpywei,Qwen-Manimator-1 (GRPO RL),GRPO,qwen-manimator
78,,,,,,4ejpywei,Qwen-Manimator-1 (GRPO RL),GRPO,qwen-manimator
79,,,,,,4ejpywei,Qwen-Manimator-1 (GRPO RL),GRPO,qwen-manimator
80,,,,,,4ejpywei,Qwen-Manimator-1 (GRPO RL),GRPO,qwen-manimator
81,,,,,,4ejpywei,Qwen-Manimator-1 (GRPO RL),GRPO,qwen-manimator
82,,,,,,4ejpywei,Qwen-Manimator-1 (GRPO RL),GRPO,qwen-manimator
83,,,,,,4ejpywei,Qwen-Manimator-1 (GRPO RL),GRPO,qwen-manimator
84,,,,,,4ejpywei,Qwen-Manimator-1 (GRPO RL),GRPO,qwen-manimator
85,,,,,,4ejpywei,Qwen-Manimator-1 (GRPO RL),GRPO,qwen-manimator
86,,,,,,4ejpywei,Qwen-Manimator-1 (GRPO RL),GRPO,qwen-manimator
87,,,,,,4ejpywei,Qwen-Manimator-1 (GRPO RL),GRPO,qwen-manimator
88,,,,,,4ejpywei,Qwen-Manimator-1 (GRPO RL),GRPO,qwen-manimator
89,,,,,,4ejpywei,Qwen-Manimator-1 (GRPO RL),GRPO,qwen-manimator
90,,,,,,4ejpywei,Qwen-Manimator-1 (GRPO RL),GRPO,qwen-manimator
91,,,,,,4ejpywei,Qwen-Manimator-1 (GRPO RL),GRPO,qwen-manimator
92,,,,,,4ejpywei,Qwen-Manimator-1 (GRPO RL),GRPO,qwen-manimator
93,,,,,,4ejpywei,Qwen-Manimator-1 (GRPO RL),GRPO,qwen-manimator
94,,,,,,4ejpywei,Qwen-Manimator-1 (GRPO RL),GRPO,qwen-manimator
95,,,,,,4ejpywei,Qwen-Manimator-1 (GRPO RL),GRPO,qwen-manimator
96,,,,,,4ejpywei,Qwen-Manimator-1 (GRPO RL),GRPO,qwen-manimator
97,,,,,,4ejpywei,Qwen-Manimator-1 (GRPO RL),GRPO,qwen-manimator
98,,,,,,4ejpywei,Qwen-Manimator-1 (GRPO RL),GRPO,qwen-manimator
99,,,,,,4ejpywei,Qwen-Manimator-1 (GRPO RL),GRPO,qwen-manimator
100,,,,,,4ejpywei,Qwen-Manimator-1 (GRPO RL),GRPO,qwen-manimator
101,,,,,,4ejpywei,Qwen-Manimator-1 (GRPO RL),GRPO,qwen-manimator
102,,,,,,4ejpywei,Qwen-Manimator-1 (GRPO RL),GRPO,qwen-manimator
103,,,,,,4ejpywei,Qwen-Manimator-1 (GRPO RL),GRPO,qwen-manimator
104,,,,,,4ejpywei,Qwen-Manimator-1 (GRPO RL),GRPO,qwen-manimator
105,,,,,,4ejpywei,Qwen-Manimator-1 (GRPO RL),GRPO,qwen-manimator
106,,,,,,4ejpywei,Qwen-Manimator-1 (GRPO RL),GRPO,qwen-manimator
107,,,,,,4ejpywei,Qwen-Manimator-1 (GRPO RL),GRPO,qwen-manimator
108,,,,,,4ejpywei,Qwen-Manimator-1 (GRPO RL),GRPO,qwen-manimator
109,,,,,,4ejpywei,Qwen-Manimator-1 (GRPO RL),GRPO,qwen-manimator
110,,,,,,4ejpywei,Qwen-Manimator-1 (GRPO RL),GRPO,qwen-manimator
111,,,,,,4ejpywei,Qwen-Manimator-1 (GRPO RL),GRPO,qwen-manimator
112,,,,,,4ejpywei,Qwen-Manimator-1 (GRPO RL),GRPO,qwen-manimator
113,,,,,,4ejpywei,Qwen-Manimator-1 (GRPO RL),GRPO,qwen-manimator
114,,,,,,4ejpywei,Qwen-Manimator-1 (GRPO RL),GRPO,qwen-manimator
115,,,,,,4ejpywei,Qwen-Manimator-1 (GRPO RL),GRPO,qwen-manimator
116,,,,,,4ejpywei,Qwen-Manimator-1 (GRPO RL),GRPO,qwen-manimator
117,,,,,,4ejpywei,Qwen-Manimator-1 (GRPO RL),GRPO,qwen-manimator
118,,,,,,4ejpywei,Qwen-Manimator-1 (GRPO RL),GRPO,qwen-manimator
119,,,,,,4ejpywei,Qwen-Manimator-1 (GRPO RL),GRPO,qwen-manimator
120,,,,,,4ejpywei,Qwen-Manimator-1 (GRPO RL),GRPO,qwen-manimator
121,,,,,,4ejpywei,Qwen-Manimator-1 (GRPO RL),GRPO,qwen-manimator
122,,,,,,4ejpywei,Qwen-Manimator-1 (GRPO RL),GRPO,qwen-manimator
123,,,,,,4ejpywei,Qwen-Manimator-1 (GRPO RL),GRPO,qwen-manimator
124,,,,,,4ejpywei,Qwen-Manimator-1 (GRPO RL),GRPO,qwen-manimator
125,,,,,,4ejpywei,Qwen-Manimator-1 (GRPO RL),GRPO,qwen-manimator
126,,,,,,4ejpywei,Qwen-Manimator-1 (GRPO RL),GRPO,qwen-manimator
127,,,,,,4ejpywei,Qwen-Manimator-1 (GRPO RL),GRPO,qwen-manimator
128,,,,,,4ejpywei,Qwen-Manimator-1 (GRPO RL),GRPO,qwen-manimator
129,,,,,,4ejpywei,Qwen-Manimator-1 (GRPO RL),GRPO,qwen-manimator
130,,,,,,4ejpywei,Qwen-Manimator-1 (GRPO RL),GRPO,qwen-manimator
131,,,,,,4ejpywei,Qwen-Manimator-1 (GRPO RL),GRPO,qwen-manimator
132,,,,,,4ejpywei,Qwen-Manimator-1 (GRPO RL),GRPO,qwen-manimator
133,,,,,,4ejpywei,Qwen-Manimator-1 (GRPO RL),GRPO,qwen-manimator
134,,,,,,4ejpywei,Qwen-Manimator-1 (GRPO RL),GRPO,qwen-manimator
135,,,,,,4ejpywei,Qwen-Manimator-1 (GRPO RL),GRPO,qwen-manimator
136,,,,,,4ejpywei,Qwen-Manimator-1 (GRPO RL),GRPO,qwen-manimator
137,,,,,,4ejpywei,Qwen-Manimator-1 (GRPO RL),GRPO,qwen-manimator
138,,,,,,4ejpywei,Qwen-Manimator-1 (GRPO RL),GRPO,qwen-manimator
139,,,,,,4ejpywei,Qwen-Manimator-1 (GRPO RL),GRPO,qwen-manimator
140,,,,,,4ejpywei,Qwen-Manimator-1 (GRPO RL),GRPO,qwen-manimator
141,0.0004,0.43140280842781065,0.052322107600048184,0.43140280842781065,0.0,4ejpywei,Qwen-Manimator-1 (GRPO RL),GRPO,qwen-manimator
142,,,,,,4ejpywei,Qwen-Manimator-1 (GRPO RL),GRPO,qwen-manimator
143,,,,,,4ejpywei,Qwen-Manimator-1 (GRPO RL),GRPO,qwen-manimator
144,,,,,,4ejpywei,Qwen-Manimator-1 (GRPO RL),GRPO,qwen-manimator
145,,,,,,4ejpywei,Qwen-Manimator-1 (GRPO RL),GRPO,qwen-manimator
146,,,,,,4ejpywei,Qwen-Manimator-1 (GRPO RL),GRPO,qwen-manimator
147,,,,,,4ejpywei,Qwen-Manimator-1 (GRPO RL),GRPO,qwen-manimator
148,,,,,,4ejpywei,Qwen-Manimator-1 (GRPO RL),GRPO,qwen-manimator
149,,,,,,4ejpywei,Qwen-Manimator-1 (GRPO RL),GRPO,qwen-manimator
150,,,,,,4ejpywei,Qwen-Manimator-1 (GRPO RL),GRPO,qwen-manimator
151,,,,,,4ejpywei,Qwen-Manimator-1 (GRPO RL),GRPO,qwen-manimator
152,,,,,,4ejpywei,Qwen-Manimator-1 (GRPO RL),GRPO,qwen-manimator
153,,,,,,4ejpywei,Qwen-Manimator-1 (GRPO RL),GRPO,qwen-manimator
154,,,,,,4ejpywei,Qwen-Manimator-1 (GRPO RL),GRPO,qwen-manimator
155,,,,,,4ejpywei,Qwen-Manimator-1 (GRPO RL),GRPO,qwen-manimator
156,,,,,,4ejpywei,Qwen-Manimator-1 (GRPO RL),GRPO,qwen-manimator
157,,,,,,4ejpywei,Qwen-Manimator-1 (GRPO RL),GRPO,qwen-manimator
158,,,,,,4ejpywei,Qwen-Manimator-1 (GRPO RL),GRPO,qwen-manimator
159,,,,,,4ejpywei,Qwen-Manimator-1 (GRPO RL),GRPO,qwen-manimator
160,,,,,,4ejpywei,Qwen-Manimator-1 (GRPO RL),GRPO,qwen-manimator
161,,,,,,4ejpywei,Qwen-Manimator-1 (GRPO RL),GRPO,qwen-manimator
162,,,,,,4ejpywei,Qwen-Manimator-1 (GRPO RL),GRPO,qwen-manimator
163,,,,,,4ejpywei,Qwen-Manimator-1 (GRPO RL),GRPO,qwen-manimator
164,,,,,,4ejpywei,Qwen-Manimator-1 (GRPO RL),GRPO,qwen-manimator
165,,,,,,4ejpywei,Qwen-Manimator-1 (GRPO RL),GRPO,qwen-manimator
166,,,,,,4ejpywei,Qwen-Manimator-1 (GRPO RL),GRPO,qwen-manimator
167,,,,,,4ejpywei,Qwen-Manimator-1 (GRPO RL),GRPO,qwen-manimator
168,,,,,,4ejpywei,Qwen-Manimator-1 (GRPO RL),GRPO,qwen-manimator
169,,,,,,4ejpywei,Qwen-Manimator-1 (GRPO RL),GRPO,qwen-manimator
170,,,,,,4ejpywei,Qwen-Manimator-1 (GRPO RL),GRPO,qwen-manimator
171,,,,,,4ejpywei,Qwen-Manimator-1 (GRPO RL),GRPO,qwen-manimator
172,,,,,,4ejpywei,Qwen-Manimator-1 (GRPO RL),GRPO,qwen-manimator
173,,,,,,4ejpywei,Qwen-Manimator-1 (GRPO RL),GRPO,qwen-manimator
174,,,,,,4ejpywei,Qwen-Manimator-1 (GRPO RL),GRPO,qwen-manimator
175,,,,,,4ejpywei,Qwen-Manimator-1 (GRPO RL),GRPO,qwen-manimator
176,,,,,,4ejpywei,Qwen-Manimator-1 (GRPO RL),GRPO,qwen-manimator
177,,,,,,4ejpywei,Qwen-Manimator-1 (GRPO RL),GRPO,qwen-manimator
178,,,,,,4ejpywei,Qwen-Manimator-1 (GRPO RL),GRPO,qwen-manimator
179,,,,,,4ejpywei,Qwen-Manimator-1 (GRPO RL),GRPO,qwen-manimator
180,,,,,,4ejpywei,Qwen-Manimator-1 (GRPO RL),GRPO,qwen-manimator
181,,,,,,4ejpywei,Qwen-Manimator-1 (GRPO RL),GRPO,qwen-manimator
182,,,,,,4ejpywei,Qwen-Manimator-1 (GRPO RL),GRPO,qwen-manimator
183,,,,,,4ejpywei,Qwen-Manimator-1 (GRPO RL),GRPO,qwen-manimator
184,,,,,,4ejpywei,Qwen-Manimator-1 (GRPO RL),GRPO,qwen-manimator
185,,,,,,4ejpywei,Qwen-Manimator-1 (GRPO RL),GRPO,qwen-manimator
186,,,,,,4ejpywei,Qwen-Manimator-1 (GRPO RL),GRPO,qwen-manimator
187,,,,,,4ejpywei,Qwen-Manimator-1 (GRPO RL),GRPO,qwen-manimator
188,,,,,,4ejpywei,Qwen-Manimator-1 (GRPO RL),GRPO,qwen-manimator
189,,,,,,4ejpywei,Qwen-Manimator-1 (GRPO RL),GRPO,qwen-manimator
190,,,,,,4ejpywei,Qwen-Manimator-1 (GRPO RL),GRPO,qwen-manimator
191,,,,,,4ejpywei,Qwen-Manimator-1 (GRPO RL),GRPO,qwen-manimator
192,,,,,,4ejpywei,Qwen-Manimator-1 (GRPO RL),GRPO,qwen-manimator
193,,,,,,4ejpywei,Qwen-Manimator-1 (GRPO RL),GRPO,qwen-manimator
194,,,,,,4ejpywei,Qwen-Manimator-1 (GRPO RL),GRPO,qwen-manimator
195,,,,,,4ejpywei,Qwen-Manimator-1 (GRPO RL),GRPO,qwen-manimator
196,,,,,,4ejpywei,Qwen-Manimator-1 (GRPO RL),GRPO,qwen-manimator
197,,,,,,4ejpywei,Qwen-Manimator-1 (GRPO RL),GRPO,qwen-manimator
198,,,,,,4ejpywei,Qwen-Manimator-1 (GRPO RL),GRPO,qwen-manimator
199,,,,,,4ejpywei,Qwen-Manimator-1 (GRPO RL),GRPO,qwen-manimator
200,,,,,,4ejpywei,Qwen-Manimator-1 (GRPO RL),GRPO,qwen-manimator
201,,,,,,4ejpywei,Qwen-Manimator-1 (GRPO RL),GRPO,qwen-manimator
202,,,,,,4ejpywei,Qwen-Manimator-1 (GRPO RL),GRPO,qwen-manimator
203,,,,,,4ejpywei,Qwen-Manimator-1 (GRPO RL),GRPO,qwen-manimator
204,,,,,,4ejpywei,Qwen-Manimator-1 (GRPO RL),GRPO,qwen-manimator
205,,,,,,4ejpywei,Qwen-Manimator-1 (GRPO RL),GRPO,qwen-manimator
206,,,,,,4ejpywei,Qwen-Manimator-1 (GRPO RL),GRPO,qwen-manimator
207,,,,,,4ejpywei,Qwen-Manimator-1 (GRPO RL),GRPO,qwen-manimator
208,,,,,,4ejpywei,Qwen-Manimator-1 (GRPO RL),GRPO,qwen-manimator
209,,,,,,4ejpywei,Qwen-Manimator-1 (GRPO RL),GRPO,qwen-manimator
210,,,,,,4ejpywei,Qwen-Manimator-1 (GRPO RL),GRPO,qwen-manimator
211,,,,,,4ejpywei,Qwen-Manimator-1 (GRPO RL),GRPO,qwen-manimator
212,0.0,0.4159263283014297,0.04283920801244676,0.4159263283014297,0.0,4ejpywei,Qwen-Manimator-1 (GRPO RL),GRPO,qwen-manimator
213,,,,,,4ejpywei,Qwen-Manimator-1 (GRPO RL),GRPO,qwen-manimator
214,,,,,,4ejpywei,Qwen-Manimator-1 (GRPO RL),GRPO,qwen-manimator
215,,,,,,4ejpywei,Qwen-Manimator-1 (GRPO RL),GRPO,qwen-manimator
216,,,,,,4ejpywei,Qwen-Manimator-1 (GRPO RL),GRPO,qwen-manimator
217,,,,,,4ejpywei,Qwen-Manimator-1 (GRPO RL),GRPO,qwen-manimator
218,,,,,,4ejpywei,Qwen-Manimator-1 (GRPO RL),GRPO,qwen-manimator
219,,,,,,4ejpywei,Qwen-Manimator-1 (GRPO RL),GRPO,qwen-manimator
220,,,,,,4ejpywei,Qwen-Manimator-1 (GRPO RL),GRPO,qwen-manimator
221,,,,,,4ejpywei,Qwen-Manimator-1 (GRPO RL),GRPO,qwen-manimator
222,,,,,,4ejpywei,Qwen-Manimator-1 (GRPO RL),GRPO,qwen-manimator
223,,,,,,4ejpywei,Qwen-Manimator-1 (GRPO RL),GRPO,qwen-manimator
224,,,,,,4ejpywei,Qwen-Manimator-1 (GRPO RL),GRPO,qwen-manimator
225,,,,,,4ejpywei,Qwen-Manimator-1 (GRPO RL),GRPO,qwen-manimator
226,,,,,,4ejpywei,Qwen-Manimator-1 (GRPO RL),GRPO,qwen-manimator
227,,,,,,4ejpywei,Qwen-Manimator-1 (GRPO RL),GRPO,qwen-manimator
228,,,,,,4ejpywei,Qwen-Manimator-1 (GRPO RL),GRPO,qwen-manimator
229,,,,,,4ejpywei,Qwen-Manimator-1 (GRPO RL),GRPO,qwen-manimator
230,,,,,,4ejpywei,Qwen-Manimator-1 (GRPO RL),GRPO,qwen-manimator
231,,,,,,4ejpywei,Qwen-Manimator-1 (GRPO RL),GRPO,qwen-manimator
232,,,,,,4ejpywei,Qwen-Manimator-1 (GRPO RL),GRPO,qwen-manimator
233,,,,,,4ejpywei,Qwen-Manimator-1 (GRPO RL),GRPO,qwen-manimator
234,,,,,,4ejpywei,Qwen-Manimator-1 (GRPO RL),GRPO,qwen-manimator
235,,,,,,4ejpywei,Qwen-Manimator-1 (GRPO RL),GRPO,qwen-manimator
236,,,,,,4ejpywei,Qwen-Manimator-1 (GRPO RL),GRPO,qwen-manimator
237,,,,,,4ejpywei,Qwen-Manimator-1 (GRPO RL),GRPO,qwen-manimator
238,,,,,,4ejpywei,Qwen-Manimator-1 (GRPO RL),GRPO,qwen-manimator
239,,,,,,4ejpywei,Qwen-Manimator-1 (GRPO RL),GRPO,qwen-manimator
240,,,,,,4ejpywei,Qwen-Manimator-1 (GRPO RL),GRPO,qwen-manimator
241,,,,,,4ejpywei,Qwen-Manimator-1 (GRPO RL),GRPO,qwen-manimator
242,,,,,,4ejpywei,Qwen-Manimator-1 (GRPO RL),GRPO,qwen-manimator
243,,,,,,4ejpywei,Qwen-Manimator-1 (GRPO RL),GRPO,qwen-manimator
244,,,,,,4ejpywei,Qwen-Manimator-1 (GRPO RL),GRPO,qwen-manimator
245,,,,,,4ejpywei,Qwen-Manimator-1 (GRPO RL),GRPO,qwen-manimator
246,,,,,,4ejpywei,Qwen-Manimator-1 (GRPO RL),GRPO,qwen-manimator
247,,,,,,4ejpywei,Qwen-Manimator-1 (GRPO RL),GRPO,qwen-manimator
248,,,,,,4ejpywei,Qwen-Manimator-1 (GRPO RL),GRPO,qwen-manimator
249,,,,,,4ejpywei,Qwen-Manimator-1 (GRPO RL),GRPO,qwen-manimator
250,,,,,,4ejpywei,Qwen-Manimator-1 (GRPO RL),GRPO,qwen-manimator
251,,,,,,4ejpywei,Qwen-Manimator-1 (GRPO RL),GRPO,qwen-manimator
252,,,,,,4ejpywei,Qwen-Manimator-1 (GRPO RL),GRPO,qwen-manimator
253,,,,,,4ejpywei,Qwen-Manimator-1 (GRPO RL),GRPO,qwen-manimator
254,,,,,,4ejpywei,Qwen-Manimator-1 (GRPO RL),GRPO,qwen-manimator
255,,,,,,4ejpywei,Qwen-Manimator-1 (GRPO RL),GRPO,qwen-manimator
256,,,,,,4ejpywei,Qwen-Manimator-1 (GRPO RL),GRPO,qwen-manimator
257,,,,,,4ejpywei,Qwen-Manimator-1 (GRPO RL),GRPO,qwen-manimator
258,,,,,,4ejpywei,Qwen-Manimator-1 (GRPO RL),GRPO,qwen-manimator
259,,,,,,4ejpywei,Qwen-Manimator-1 (GRPO RL),GRPO,qwen-manimator
260,,,,,,4ejpywei,Qwen-Manimator-1 (GRPO RL),GRPO,qwen-manimator
261,,,,,,4ejpywei,Qwen-Manimator-1 (GRPO RL),GRPO,qwen-manimator
262,,,,,,4ejpywei,Qwen-Manimator-1 (GRPO RL),GRPO,qwen-manimator
263,,,,,,4ejpywei,Qwen-Manimator-1 (GRPO RL),GRPO,qwen-manimator
264,,,,,,4ejpywei,Qwen-Manimator-1 (GRPO RL),GRPO,qwen-manimator
265,,,,,,4ejpywei,Qwen-Manimator-1 (GRPO RL),GRPO,qwen-manimator
266,,,,,,4ejpywei,Qwen-Manimator-1 (GRPO RL),GRPO,qwen-manimator
267,,,,,,4ejpywei,Qwen-Manimator-1 (GRPO RL),GRPO,qwen-manimator
268,,,,,,4ejpywei,Qwen-Manimator-1 (GRPO RL),GRPO,qwen-manimator
269,,,,,,4ejpywei,Qwen-Manimator-1 (GRPO RL),GRPO,qwen-manimator
270,,,,,,4ejpywei,Qwen-Manimator-1 (GRPO RL),GRPO,qwen-manimator
271,,,,,,4ejpywei,Qwen-Manimator-1 (GRPO RL),GRPO,qwen-manimator
272,,,,,,4ejpywei,Qwen-Manimator-1 (GRPO RL),GRPO,qwen-manimator
273,,,,,,4ejpywei,Qwen-Manimator-1 (GRPO RL),GRPO,qwen-manimator
274,,,,,,4ejpywei,Qwen-Manimator-1 (GRPO RL),GRPO,qwen-manimator
275,,,,,,4ejpywei,Qwen-Manimator-1 (GRPO RL),GRPO,qwen-manimator
276,,,,,,4ejpywei,Qwen-Manimator-1 (GRPO RL),GRPO,qwen-manimator
277,,,,,,4ejpywei,Qwen-Manimator-1 (GRPO RL),GRPO,qwen-manimator
278,,,,,,4ejpywei,Qwen-Manimator-1 (GRPO RL),GRPO,qwen-manimator
279,,,,,,4ejpywei,Qwen-Manimator-1 (GRPO RL),GRPO,qwen-manimator
280,,,,,,4ejpywei,Qwen-Manimator-1 (GRPO RL),GRPO,qwen-manimator
281,,,,,,4ejpywei,Qwen-Manimator-1 (GRPO RL),GRPO,qwen-manimator
282,,,,,,4ejpywei,Qwen-Manimator-1 (GRPO RL),GRPO,qwen-manimator
283,0.0,0.4275112569332123,0.04324039556086064,0.4275112569332123,0.0,4ejpywei,Qwen-Manimator-1 (GRPO RL),GRPO,qwen-manimator
284,,,,,,4ejpywei,Qwen-Manimator-1 (GRPO RL),GRPO,qwen-manimator
285,,,,,,4ejpywei,Qwen-Manimator-1 (GRPO RL),GRPO,qwen-manimator
286,,,,,,4ejpywei,Qwen-Manimator-1 (GRPO RL),GRPO,qwen-manimator
287,,,,,,4ejpywei,Qwen-Manimator-1 (GRPO RL),GRPO,qwen-manimator
288,,,,,,4ejpywei,Qwen-Manimator-1 (GRPO RL),GRPO,qwen-manimator
289,,,,,,4ejpywei,Qwen-Manimator-1 (GRPO RL),GRPO,qwen-manimator
290,,,,,,4ejpywei,Qwen-Manimator-1 (GRPO RL),GRPO,qwen-manimator
291,,,,,,4ejpywei,Qwen-Manimator-1 (GRPO RL),GRPO,qwen-manimator
292,,,,,,4ejpywei,Qwen-Manimator-1 (GRPO RL),GRPO,qwen-manimator
293,,,,,,4ejpywei,Qwen-Manimator-1 (GRPO RL),GRPO,qwen-manimator
294,,,,,,4ejpywei,Qwen-Manimator-1 (GRPO RL),GRPO,qwen-manimator
295,,,,,,4ejpywei,Qwen-Manimator-1 (GRPO RL),GRPO,qwen-manimator
296,,,,,,4ejpywei,Qwen-Manimator-1 (GRPO RL),GRPO,qwen-manimator
297,,,,,,4ejpywei,Qwen-Manimator-1 (GRPO RL),GRPO,qwen-manimator
298,,,,,,4ejpywei,Qwen-Manimator-1 (GRPO RL),GRPO,qwen-manimator
299,,,,,,4ejpywei,Qwen-Manimator-1 (GRPO RL),GRPO,qwen-manimator
300,,,,,,4ejpywei,Qwen-Manimator-1 (GRPO RL),GRPO,qwen-manimator
301,,,,,,4ejpywei,Qwen-Manimator-1 (GRPO RL),GRPO,qwen-manimator
302,,,,,,4ejpywei,Qwen-Manimator-1 (GRPO RL),GRPO,qwen-manimator
303,,,,,,4ejpywei,Qwen-Manimator-1 (GRPO RL),GRPO,qwen-manimator
304,,,,,,4ejpywei,Qwen-Manimator-1 (GRPO RL),GRPO,qwen-manimator
305,,,,,,4ejpywei,Qwen-Manimator-1 (GRPO RL),GRPO,qwen-manimator
306,,,,,,4ejpywei,Qwen-Manimator-1 (GRPO RL),GRPO,qwen-manimator
307,,,,,,4ejpywei,Qwen-Manimator-1 (GRPO RL),GRPO,qwen-manimator
308,,,,,,4ejpywei,Qwen-Manimator-1 (GRPO RL),GRPO,qwen-manimator
309,,,,,,4ejpywei,Qwen-Manimator-1 (GRPO RL),GRPO,qwen-manimator
310,,,,,,4ejpywei,Qwen-Manimator-1 (GRPO RL),GRPO,qwen-manimator
311,,,,,,4ejpywei,Qwen-Manimator-1 (GRPO RL),GRPO,qwen-manimator
312,,,,,,4ejpywei,Qwen-Manimator-1 (GRPO RL),GRPO,qwen-manimator
313,,,,,,4ejpywei,Qwen-Manimator-1 (GRPO RL),GRPO,qwen-manimator
314,,,,,,4ejpywei,Qwen-Manimator-1 (GRPO RL),GRPO,qwen-manimator
315,,,,,,4ejpywei,Qwen-Manimator-1 (GRPO RL),GRPO,qwen-manimator
316,,,,,,4ejpywei,Qwen-Manimator-1 (GRPO RL),GRPO,qwen-manimator
317,,,,,,4ejpywei,Qwen-Manimator-1 (GRPO RL),GRPO,qwen-manimator
318,,,,,,4ejpywei,Qwen-Manimator-1 (GRPO RL),GRPO,qwen-manimator
319,,,,,,4ejpywei,Qwen-Manimator-1 (GRPO RL),GRPO,qwen-manimator
320,,,,,,4ejpywei,Qwen-Manimator-1 (GRPO RL),GRPO,qwen-manimator
321,,,,,,4ejpywei,Qwen-Manimator-1 (GRPO RL),GRPO,qwen-manimator
322,,,,,,4ejpywei,Qwen-Manimator-1 (GRPO RL),GRPO,qwen-manimator
323,,,,,,4ejpywei,Qwen-Manimator-1 (GRPO RL),GRPO,qwen-manimator
324,,,,,,4ejpywei,Qwen-Manimator-1 (GRPO RL),GRPO,qwen-manimator
325,,,,,,4ejpywei,Qwen-Manimator-1 (GRPO RL),GRPO,qwen-manimator
326,,,,,,4ejpywei,Qwen-Manimator-1 (GRPO RL),GRPO,qwen-manimator
327,,,,,,4ejpywei,Qwen-Manimator-1 (GRPO RL),GRPO,qwen-manimator
328,,,,,,4ejpywei,Qwen-Manimator-1 (GRPO RL),GRPO,qwen-manimator
329,,,,,,4ejpywei,Qwen-Manimator-1 (GRPO RL),GRPO,qwen-manimator
330,,,,,,4ejpywei,Qwen-Manimator-1 (GRPO RL),GRPO,qwen-manimator
331,,,,,,4ejpywei,Qwen-Manimator-1 (GRPO RL),GRPO,qwen-manimator
332,,,,,,4ejpywei,Qwen-Manimator-1 (GRPO RL),GRPO,qwen-manimator
333,,,,,,4ejpywei,Qwen-Manimator-1 (GRPO RL),GRPO,qwen-manimator
334,,,,,,4ejpywei,Qwen-Manimator-1 (GRPO RL),GRPO,qwen-manimator
335,,,,,,4ejpywei,Qwen-Manimator-1 (GRPO RL),GRPO,qwen-manimator
336,,,,,,4ejpywei,Qwen-Manimator-1 (GRPO RL),GRPO,qwen-manimator
337,,,,,,4ejpywei,Qwen-Manimator-1 (GRPO RL),GRPO,qwen-manimator
338,,,,,,4ejpywei,Qwen-Manimator-1 (GRPO RL),GRPO,qwen-manimator
339,,,,,,4ejpywei,Qwen-Manimator-1 (GRPO RL),GRPO,qwen-manimator
340,,,,,,4ejpywei,Qwen-Manimator-1 (GRPO RL),GRPO,qwen-manimator
341,,,,,,4ejpywei,Qwen-Manimator-1 (GRPO RL),GRPO,qwen-manimator
342,,,,,,4ejpywei,Qwen-Manimator-1 (GRPO RL),GRPO,qwen-manimator
343,,,,,,4ejpywei,Qwen-Manimator-1 (GRPO RL),GRPO,qwen-manimator
344,,,,,,4ejpywei,Qwen-Manimator-1 (GRPO RL),GRPO,qwen-manimator
345,,,,,,4ejpywei,Qwen-Manimator-1 (GRPO RL),GRPO,qwen-manimator
346,,,,,,4ejpywei,Qwen-Manimator-1 (GRPO RL),GRPO,qwen-manimator
347,,,,,,4ejpywei,Qwen-Manimator-1 (GRPO RL),GRPO,qwen-manimator
348,,,,,,4ejpywei,Qwen-Manimator-1 (GRPO RL),GRPO,qwen-manimator
349,,,,,,4ejpywei,Qwen-Manimator-1 (GRPO RL),GRPO,qwen-manimator
350,,,,,,4ejpywei,Qwen-Manimator-1 (GRPO RL),GRPO,qwen-manimator
351,,,,,,4ejpywei,Qwen-Manimator-1 (GRPO RL),GRPO,qwen-manimator
352,,,,,,4ejpywei,Qwen-Manimator-1 (GRPO RL),GRPO,qwen-manimator
353,,,,,,4ejpywei,Qwen-Manimator-1 (GRPO RL),GRPO,qwen-manimator
354,0.0,0.39572606086730955,0.06209362933877856,0.39572606086730955,0.0,4ejpywei,Qwen-Manimator-1 (GRPO RL),GRPO,qwen-manimator
355,,,,,,4ejpywei,Qwen-Manimator-1 (GRPO RL),GRPO,qwen-manimator
356,,,,,,4ejpywei,Qwen-Manimator-1 (GRPO RL),GRPO,qwen-manimator
357,,,,,,4ejpywei,Qwen-Manimator-1 (GRPO RL),GRPO,qwen-manimator
358,,,,,,4ejpywei,Qwen-Manimator-1 (GRPO RL),GRPO,qwen-manimator
359,,,,,,4ejpywei,Qwen-Manimator-1 (GRPO RL),GRPO,qwen-manimator
360,,,,,,4ejpywei,Qwen-Manimator-1 (GRPO RL),GRPO,qwen-manimator
361,,,,,,4ejpywei,Qwen-Manimator-1 (GRPO RL),GRPO,qwen-manimator
362,,,,,,4ejpywei,Qwen-Manimator-1 (GRPO RL),GRPO,qwen-manimator
363,,,,,,4ejpywei,Qwen-Manimator-1 (GRPO RL),GRPO,qwen-manimator
364,,,,,,4ejpywei,Qwen-Manimator-1 (GRPO RL),GRPO,qwen-manimator
365,,,,,,4ejpywei,Qwen-Manimator-1 (GRPO RL),GRPO,qwen-manimator
366,,,,,,4ejpywei,Qwen-Manimator-1 (GRPO RL),GRPO,qwen-manimator
367,,,,,,4ejpywei,Qwen-Manimator-1 (GRPO RL),GRPO,qwen-manimator
368,,,,,,4ejpywei,Qwen-Manimator-1 (GRPO RL),GRPO,qwen-manimator
369,,,,,,4ejpywei,Qwen-Manimator-1 (GRPO RL),GRPO,qwen-manimator
370,,,,,,4ejpywei,Qwen-Manimator-1 (GRPO RL),GRPO,qwen-manimator
371,,,,,,4ejpywei,Qwen-Manimator-1 (GRPO RL),GRPO,qwen-manimator
372,,,,,,4ejpywei,Qwen-Manimator-1 (GRPO RL),GRPO,qwen-manimator
373,,,,,,4ejpywei,Qwen-Manimator-1 (GRPO RL),GRPO,qwen-manimator
374,,,,,,4ejpywei,Qwen-Manimator-1 (GRPO RL),GRPO,qwen-manimator
375,,,,,,4ejpywei,Qwen-Manimator-1 (GRPO RL),GRPO,qwen-manimator
376,,,,,,4ejpywei,Qwen-Manimator-1 (GRPO RL),GRPO,qwen-manimator
377,,,,,,4ejpywei,Qwen-Manimator-1 (GRPO RL),GRPO,qwen-manimator
378,,,,,,4ejpywei,Qwen-Manimator-1 (GRPO RL),GRPO,qwen-manimator
379,,,,,,4ejpywei,Qwen-Manimator-1 (GRPO RL),GRPO,qwen-manimator
380,,,,,,4ejpywei,Qwen-Manimator-1 (GRPO RL),GRPO,qwen-manimator
381,,,,,,4ejpywei,Qwen-Manimator-1 (GRPO RL),GRPO,qwen-manimator
382,,,,,,4ejpywei,Qwen-Manimator-1 (GRPO RL),GRPO,qwen-manimator
383,,,,,,4ejpywei,Qwen-Manimator-1 (GRPO RL),GRPO,qwen-manimator
384,,,,,,4ejpywei,Qwen-Manimator-1 (GRPO RL),GRPO,qwen-manimator
385,,,,,,4ejpywei,Qwen-Manimator-1 (GRPO RL),GRPO,qwen-manimator
386,,,,,,4ejpywei,Qwen-Manimator-1 (GRPO RL),GRPO,qwen-manimator
387,,,,,,4ejpywei,Qwen-Manimator-1 (GRPO RL),GRPO,qwen-manimator
388,,,,,,4ejpywei,Qwen-Manimator-1 (GRPO RL),GRPO,qwen-manimator
389,,,,,,4ejpywei,Qwen-Manimator-1 (GRPO RL),GRPO,qwen-manimator
390,,,,,,4ejpywei,Qwen-Manimator-1 (GRPO RL),GRPO,qwen-manimator
391,,,,,,4ejpywei,Qwen-Manimator-1 (GRPO RL),GRPO,qwen-manimator
392,,,,,,4ejpywei,Qwen-Manimator-1 (GRPO RL),GRPO,qwen-manimator
393,,,,,,4ejpywei,Qwen-Manimator-1 (GRPO RL),GRPO,qwen-manimator
394,,,,,,4ejpywei,Qwen-Manimator-1 (GRPO RL),GRPO,qwen-manimator
395,,,,,,4ejpywei,Qwen-Manimator-1 (GRPO RL),GRPO,qwen-manimator
396,,,,,,4ejpywei,Qwen-Manimator-1 (GRPO RL),GRPO,qwen-manimator
397,,,,,,4ejpywei,Qwen-Manimator-1 (GRPO RL),GRPO,qwen-manimator
398,,,,,,4ejpywei,Qwen-Manimator-1 (GRPO RL),GRPO,qwen-manimator
399,,,,,,4ejpywei,Qwen-Manimator-1 (GRPO RL),GRPO,qwen-manimator
400,,,,,,4ejpywei,Qwen-Manimator-1 (GRPO RL),GRPO,qwen-manimator
401,,,,,,4ejpywei,Qwen-Manimator-1 (GRPO RL),GRPO,qwen-manimator
402,,,,,,4ejpywei,Qwen-Manimator-1 (GRPO RL),GRPO,qwen-manimator
403,,,,,,4ejpywei,Qwen-Manimator-1 (GRPO RL),GRPO,qwen-manimator
404,,,,,,4ejpywei,Qwen-Manimator-1 (GRPO RL),GRPO,qwen-manimator
405,,,,,,4ejpywei,Qwen-Manimator-1 (GRPO RL),GRPO,qwen-manimator
406,,,,,,4ejpywei,Qwen-Manimator-1 (GRPO RL),GRPO,qwen-manimator
407,,,,,,4ejpywei,Qwen-Manimator-1 (GRPO RL),GRPO,qwen-manimator
408,,,,,,4ejpywei,Qwen-Manimator-1 (GRPO RL),GRPO,qwen-manimator
409,,,,,,4ejpywei,Qwen-Manimator-1 (GRPO RL),GRPO,qwen-manimator
410,,,,,,4ejpywei,Qwen-Manimator-1 (GRPO RL),GRPO,qwen-manimator
411,,,,,,4ejpywei,Qwen-Manimator-1 (GRPO RL),GRPO,qwen-manimator
412,,,,,,4ejpywei,Qwen-Manimator-1 (GRPO RL),GRPO,qwen-manimator
413,,,,,,4ejpywei,Qwen-Manimator-1 (GRPO RL),GRPO,qwen-manimator
414,,,,,,4ejpywei,Qwen-Manimator-1 (GRPO RL),GRPO,qwen-manimator
415,,,,,,4ejpywei,Qwen-Manimator-1 (GRPO RL),GRPO,qwen-manimator
416,,,,,,4ejpywei,Qwen-Manimator-1 (GRPO RL),GRPO,qwen-manimator
417,,,,,,4ejpywei,Qwen-Manimator-1 (GRPO RL),GRPO,qwen-manimator
418,,,,,,4ejpywei,Qwen-Manimator-1 (GRPO RL),GRPO,qwen-manimator
419,,,,,,4ejpywei,Qwen-Manimator-1 (GRPO RL),GRPO,qwen-manimator
420,,,,,,4ejpywei,Qwen-Manimator-1 (GRPO RL),GRPO,qwen-manimator
421,,,,,,4ejpywei,Qwen-Manimator-1 (GRPO RL),GRPO,qwen-manimator
422,,,,,,4ejpywei,Qwen-Manimator-1 (GRPO RL),GRPO,qwen-manimator
423,,,,,,4ejpywei,Qwen-Manimator-1 (GRPO RL),GRPO,qwen-manimator
424,,,,,,4ejpywei,Qwen-Manimator-1 (GRPO RL),GRPO,qwen-manimator
425,0.0,0.41101567447185516,0.06395652233622968,0.41101567447185516,0.0,4ejpywei,Qwen-Manimator-1 (GRPO RL),GRPO,qwen-manimator
426,,,,,,4ejpywei,Qwen-Manimator-1 (GRPO RL),GRPO,qwen-manimator
427,,,,,,4ejpywei,Qwen-Manimator-1 (GRPO RL),GRPO,qwen-manimator
428,,,,,,4ejpywei,Qwen-Manimator-1 (GRPO RL),GRPO,qwen-manimator
429,,,,,,4ejpywei,Qwen-Manimator-1 (GRPO RL),GRPO,qwen-manimator
430,,,,,,4ejpywei,Qwen-Manimator-1 (GRPO RL),GRPO,qwen-manimator
431,,,,,,4ejpywei,Qwen-Manimator-1 (GRPO RL),GRPO,qwen-manimator
432,,,,,,4ejpywei,Qwen-Manimator-1 (GRPO RL),GRPO,qwen-manimator
433,,,,,,4ejpywei,Qwen-Manimator-1 (GRPO RL),GRPO,qwen-manimator
434,,,,,,4ejpywei,Qwen-Manimator-1 (GRPO RL),GRPO,qwen-manimator
435,,,,,,4ejpywei,Qwen-Manimator-1 (GRPO RL),GRPO,qwen-manimator
436,,,,,,4ejpywei,Qwen-Manimator-1 (GRPO RL),GRPO,qwen-manimator
437,,,,,,4ejpywei,Qwen-Manimator-1 (GRPO RL),GRPO,qwen-manimator
438,,,,,,4ejpywei,Qwen-Manimator-1 (GRPO RL),GRPO,qwen-manimator
439,,,,,,4ejpywei,Qwen-Manimator-1 (GRPO RL),GRPO,qwen-manimator
440,,,,,,4ejpywei,Qwen-Manimator-1 (GRPO RL),GRPO,qwen-manimator
441,,,,,,4ejpywei,Qwen-Manimator-1 (GRPO RL),GRPO,qwen-manimator
442,,,,,,4ejpywei,Qwen-Manimator-1 (GRPO RL),GRPO,qwen-manimator
443,,,,,,4ejpywei,Qwen-Manimator-1 (GRPO RL),GRPO,qwen-manimator
444,,,,,,4ejpywei,Qwen-Manimator-1 (GRPO RL),GRPO,qwen-manimator
445,,,,,,4ejpywei,Qwen-Manimator-1 (GRPO RL),GRPO,qwen-manimator
446,,,,,,4ejpywei,Qwen-Manimator-1 (GRPO RL),GRPO,qwen-manimator
447,,,,,,4ejpywei,Qwen-Manimator-1 (GRPO RL),GRPO,qwen-manimator
448,,,,,,4ejpywei,Qwen-Manimator-1 (GRPO RL),GRPO,qwen-manimator
449,,,,,,4ejpywei,Qwen-Manimator-1 (GRPO RL),GRPO,qwen-manimator
450,,,,,,4ejpywei,Qwen-Manimator-1 (GRPO RL),GRPO,qwen-manimator
451,,,,,,4ejpywei,Qwen-Manimator-1 (GRPO RL),GRPO,qwen-manimator
452,,,,,,4ejpywei,Qwen-Manimator-1 (GRPO RL),GRPO,qwen-manimator
453,,,,,,4ejpywei,Qwen-Manimator-1 (GRPO RL),GRPO,qwen-manimator
454,,,,,,4ejpywei,Qwen-Manimator-1 (GRPO RL),GRPO,qwen-manimator
455,,,,,,4ejpywei,Qwen-Manimator-1 (GRPO RL),GRPO,qwen-manimator
456,,,,,,4ejpywei,Qwen-Manimator-1 (GRPO RL),GRPO,qwen-manimator
457,,,,,,4ejpywei,Qwen-Manimator-1 (GRPO RL),GRPO,qwen-manimator
458,,,,,,4ejpywei,Qwen-Manimator-1 (GRPO RL),GRPO,qwen-manimator
459,,,,,,4ejpywei,Qwen-Manimator-1 (GRPO RL),GRPO,qwen-manimator
460,,,,,,4ejpywei,Qwen-Manimator-1 (GRPO RL),GRPO,qwen-manimator
461,,,,,,4ejpywei,Qwen-Manimator-1 (GRPO RL),GRPO,qwen-manimator
462,,,,,,4ejpywei,Qwen-Manimator-1 (GRPO RL),GRPO,qwen-manimator
463,,,,,,4ejpywei,Qwen-Manimator-1 (GRPO RL),GRPO,qwen-manimator
464,,,,,,4ejpywei,Qwen-Manimator-1 (GRPO RL),GRPO,qwen-manimator
465,,,,,,4ejpywei,Qwen-Manimator-1 (GRPO RL),GRPO,qwen-manimator
466,,,,,,4ejpywei,Qwen-Manimator-1 (GRPO RL),GRPO,qwen-manimator
467,,,,,,4ejpywei,Qwen-Manimator-1 (GRPO RL),GRPO,qwen-manimator
468,,,,,,4ejpywei,Qwen-Manimator-1 (GRPO RL),GRPO,qwen-manimator
469,,,,,,4ejpywei,Qwen-Manimator-1 (GRPO RL),GRPO,qwen-manimator
470,,,,,,4ejpywei,Qwen-Manimator-1 (GRPO RL),GRPO,qwen-manimator
471,,,,,,4ejpywei,Qwen-Manimator-1 (GRPO RL),GRPO,qwen-manimator
472,,,,,,4ejpywei,Qwen-Manimator-1 (GRPO RL),GRPO,qwen-manimator
473,,,,,,4ejpywei,Qwen-Manimator-1 (GRPO RL),GRPO,qwen-manimator
474,,,,,,4ejpywei,Qwen-Manimator-1 (GRPO RL),GRPO,qwen-manimator
475,,,,,,4ejpywei,Qwen-Manimator-1 (GRPO RL),GRPO,qwen-manimator
476,,,,,,4ejpywei,Qwen-Manimator-1 (GRPO RL),GRPO,qwen-manimator
477,,,,,,4ejpywei,Qwen-Manimator-1 (GRPO RL),GRPO,qwen-manimator
478,,,,,,4ejpywei,Qwen-Manimator-1 (GRPO RL),GRPO,qwen-manimator
479,,,,,,4ejpywei,Qwen-Manimator-1 (GRPO RL),GRPO,qwen-manimator
480,,,,,,4ejpywei,Qwen-Manimator-1 (GRPO RL),GRPO,qwen-manimator
481,,,,,,4ejpywei,Qwen-Manimator-1 (GRPO RL),GRPO,qwen-manimator
482,,,,,,4ejpywei,Qwen-Manimator-1 (GRPO RL),GRPO,qwen-manimator
483,,,,,,4ejpywei,Qwen-Manimator-1 (GRPO RL),GRPO,qwen-manimator
484,,,,,,4ejpywei,Qwen-Manimator-1 (GRPO RL),GRPO,qwen-manimator
485,,,,,,4ejpywei,Qwen-Manimator-1 (GRPO RL),GRPO,qwen-manimator
486,,,,,,4ejpywei,Qwen-Manimator-1 (GRPO RL),GRPO,qwen-manimator
487,,,,,,4ejpywei,Qwen-Manimator-1 (GRPO RL),GRPO,qwen-manimator
488,,,,,,4ejpywei,Qwen-Manimator-1 (GRPO RL),GRPO,qwen-manimator
489,,,,,,4ejpywei,Qwen-Manimator-1 (GRPO RL),GRPO,qwen-manimator
490,,,,,,4ejpywei,Qwen-Manimator-1 (GRPO RL),GRPO,qwen-manimator
491,,,,,,4ejpywei,Qwen-Manimator-1 (GRPO RL),GRPO,qwen-manimator
492,,,,,,4ejpywei,Qwen-Manimator-1 (GRPO RL),GRPO,qwen-manimator
493,,,,,,4ejpywei,Qwen-Manimator-1 (GRPO RL),GRPO,qwen-manimator
494,,,,,,4ejpywei,Qwen-Manimator-1 (GRPO RL),GRPO,qwen-manimator
495,,,,,,4ejpywei,Qwen-Manimator-1 (GRPO RL),GRPO,qwen-manimator
496,0.0,0.4155738025903702,0.05462554339319468,0.4155738025903702,0.0,4ejpywei,Qwen-Manimator-1 (GRPO RL),GRPO,qwen-manimator
497,,,,,,4ejpywei,Qwen-Manimator-1 (GRPO RL),GRPO,qwen-manimator
498,,,,,,4ejpywei,Qwen-Manimator-1 (GRPO RL),GRPO,qwen-manimator
499,,,,,,4ejpywei,Qwen-Manimator-1 (GRPO RL),GRPO,qwen-manimator
500,,,,,,4ejpywei,Qwen-Manimator-1 (GRPO RL),GRPO,qwen-manimator
501,,,,,,4ejpywei,Qwen-Manimator-1 (GRPO RL),GRPO,qwen-manimator
502,,,,,,4ejpywei,Qwen-Manimator-1 (GRPO RL),GRPO,qwen-manimator
503,,,,,,4ejpywei,Qwen-Manimator-1 (GRPO RL),GRPO,qwen-manimator
504,,,,,,4ejpywei,Qwen-Manimator-1 (GRPO RL),GRPO,qwen-manimator
505,,,,,,4ejpywei,Qwen-Manimator-1 (GRPO RL),GRPO,qwen-manimator
506,,,,,,4ejpywei,Qwen-Manimator-1 (GRPO RL),GRPO,qwen-manimator
507,,,,,,4ejpywei,Qwen-Manimator-1 (GRPO RL),GRPO,qwen-manimator
508,,,,,,4ejpywei,Qwen-Manimator-1 (GRPO RL),GRPO,qwen-manimator
509,,,,,,4ejpywei,Qwen-Manimator-1 (GRPO RL),GRPO,qwen-manimator
510,,,,,,4ejpywei,Qwen-Manimator-1 (GRPO RL),GRPO,qwen-manimator
511,,,,,,4ejpywei,Qwen-Manimator-1 (GRPO RL),GRPO,qwen-manimator
512,,,,,,4ejpywei,Qwen-Manimator-1 (GRPO RL),GRPO,qwen-manimator
513,,,,,,4ejpywei,Qwen-Manimator-1 (GRPO RL),GRPO,qwen-manimator
514,,,,,,4ejpywei,Qwen-Manimator-1 (GRPO RL),GRPO,qwen-manimator
515,,,,,,4ejpywei,Qwen-Manimator-1 (GRPO RL),GRPO,qwen-manimator
516,,,,,,4ejpywei,Qwen-Manimator-1 (GRPO RL),GRPO,qwen-manimator
517,,,,,,4ejpywei,Qwen-Manimator-1 (GRPO RL),GRPO,qwen-manimator
518,,,,,,4ejpywei,Qwen-Manimator-1 (GRPO RL),GRPO,qwen-manimator
519,,,,,,4ejpywei,Qwen-Manimator-1 (GRPO RL),GRPO,qwen-manimator
520,,,,,,4ejpywei,Qwen-Manimator-1 (GRPO RL),GRPO,qwen-manimator
521,,,,,,4ejpywei,Qwen-Manimator-1 (GRPO RL),GRPO,qwen-manimator
522,,,,,,4ejpywei,Qwen-Manimator-1 (GRPO RL),GRPO,qwen-manimator
523,,,,,,4ejpywei,Qwen-Manimator-1 (GRPO RL),GRPO,qwen-manimator
524,,,,,,4ejpywei,Qwen-Manimator-1 (GRPO RL),GRPO,qwen-manimator
525,,,,,,4ejpywei,Qwen-Manimator-1 (GRPO RL),GRPO,qwen-manimator
526,,,,,,4ejpywei,Qwen-Manimator-1 (GRPO RL),GRPO,qwen-manimator
527,,,,,,4ejpywei,Qwen-Manimator-1 (GRPO RL),GRPO,qwen-manimator
528,,,,,,4ejpywei,Qwen-Manimator-1 (GRPO RL),GRPO,qwen-manimator
529,,,,,,4ejpywei,Qwen-Manimator-1 (GRPO RL),GRPO,qwen-manimator
530,,,,,,4ejpywei,Qwen-Manimator-1 (GRPO RL),GRPO,qwen-manimator
531,,,,,,4ejpywei,Qwen-Manimator-1 (GRPO RL),GRPO,qwen-manimator
532,,,,,,4ejpywei,Qwen-Manimator-1 (GRPO RL),GRPO,qwen-manimator
533,,,,,,4ejpywei,Qwen-Manimator-1 (GRPO RL),GRPO,qwen-manimator
534,,,,,,4ejpywei,Qwen-Manimator-1 (GRPO RL),GRPO,qwen-manimator
535,,,,,,4ejpywei,Qwen-Manimator-1 (GRPO RL),GRPO,qwen-manimator
536,,,,,,4ejpywei,Qwen-Manimator-1 (GRPO RL),GRPO,qwen-manimator
537,,,,,,4ejpywei,Qwen-Manimator-1 (GRPO RL),GRPO,qwen-manimator
538,,,,,,4ejpywei,Qwen-Manimator-1 (GRPO RL),GRPO,qwen-manimator
539,,,,,,4ejpywei,Qwen-Manimator-1 (GRPO RL),GRPO,qwen-manimator
540,,,,,,4ejpywei,Qwen-Manimator-1 (GRPO RL),GRPO,qwen-manimator
541,,,,,,4ejpywei,Qwen-Manimator-1 (GRPO RL),GRPO,qwen-manimator
542,,,,,,4ejpywei,Qwen-Manimator-1 (GRPO RL),GRPO,qwen-manimator
543,,,,,,4ejpywei,Qwen-Manimator-1 (GRPO RL),GRPO,qwen-manimator
544,,,,,,4ejpywei,Qwen-Manimator-1 (GRPO RL),GRPO,qwen-manimator
545,,,,,,4ejpywei,Qwen-Manimator-1 (GRPO RL),GRPO,qwen-manimator
546,,,,,,4ejpywei,Qwen-Manimator-1 (GRPO RL),GRPO,qwen-manimator
547,,,,,,4ejpywei,Qwen-Manimator-1 (GRPO RL),GRPO,qwen-manimator
548,,,,,,4ejpywei,Qwen-Manimator-1 (GRPO RL),GRPO,qwen-manimator
549,,,,,,4ejpywei,Qwen-Manimator-1 (GRPO RL),GRPO,qwen-manimator
550,,,,,,4ejpywei,Qwen-Manimator-1 (GRPO RL),GRPO,qwen-manimator
551,,,,,,4ejpywei,Qwen-Manimator-1 (GRPO RL),GRPO,qwen-manimator
552,,,,,,4ejpywei,Qwen-Manimator-1 (GRPO RL),GRPO,qwen-manimator
553,,,,,,4ejpywei,Qwen-Manimator-1 (GRPO RL),GRPO,qwen-manimator
554,,,,,,4ejpywei,Qwen-Manimator-1 (GRPO RL),GRPO,qwen-manimator
555,,,,,,4ejpywei,Qwen-Manimator-1 (GRPO RL),GRPO,qwen-manimator
556,,,,,,4ejpywei,Qwen-Manimator-1 (GRPO RL),GRPO,qwen-manimator
557,,,,,,4ejpywei,Qwen-Manimator-1 (GRPO RL),GRPO,qwen-manimator
558,,,,,,4ejpywei,Qwen-Manimator-1 (GRPO RL),GRPO,qwen-manimator
559,,,,,,4ejpywei,Qwen-Manimator-1 (GRPO RL),GRPO,qwen-manimator
560,,,,,,4ejpywei,Qwen-Manimator-1 (GRPO RL),GRPO,qwen-manimator
561,,,,,,4ejpywei,Qwen-Manimator-1 (GRPO RL),GRPO,qwen-manimator
562,,,,,,4ejpywei,Qwen-Manimator-1 (GRPO RL),GRPO,qwen-manimator
563,,,,,,4ejpywei,Qwen-Manimator-1 (GRPO RL),GRPO,qwen-manimator
564,,,,,,4ejpywei,Qwen-Manimator-1 (GRPO RL),GRPO,qwen-manimator
565,,,,,,4ejpywei,Qwen-Manimator-1 (GRPO RL),GRPO,qwen-manimator
566,,,,,,4ejpywei,Qwen-Manimator-1 (GRPO RL),GRPO,qwen-manimator
567,0.0,0.4287503480911255,0.04370617251843214,0.4287503480911255,0.0,4ejpywei,Qwen-Manimator-1 (GRPO RL),GRPO,qwen-manimator
568,,,,,,4ejpywei,Qwen-Manimator-1 (GRPO RL),GRPO,qwen-manimator
569,,,,,,4ejpywei,Qwen-Manimator-1 (GRPO RL),GRPO,qwen-manimator
570,,,,,,4ejpywei,Qwen-Manimator-1 (GRPO RL),GRPO,qwen-manimator
571,,,,,,4ejpywei,Qwen-Manimator-1 (GRPO RL),GRPO,qwen-manimator
572,,,,,,4ejpywei,Qwen-Manimator-1 (GRPO RL),GRPO,qwen-manimator
573,,,,,,4ejpywei,Qwen-Manimator-1 (GRPO RL),GRPO,qwen-manimator
574,,,,,,4ejpywei,Qwen-Manimator-1 (GRPO RL),GRPO,qwen-manimator
575,,,,,,4ejpywei,Qwen-Manimator-1 (GRPO RL),GRPO,qwen-manimator
576,,,,,,4ejpywei,Qwen-Manimator-1 (GRPO RL),GRPO,qwen-manimator
577,,,,,,4ejpywei,Qwen-Manimator-1 (GRPO RL),GRPO,qwen-manimator
578,,,,,,4ejpywei,Qwen-Manimator-1 (GRPO RL),GRPO,qwen-manimator
579,,,,,,4ejpywei,Qwen-Manimator-1 (GRPO RL),GRPO,qwen-manimator
580,,,,,,4ejpywei,Qwen-Manimator-1 (GRPO RL),GRPO,qwen-manimator
581,,,,,,4ejpywei,Qwen-Manimator-1 (GRPO RL),GRPO,qwen-manimator
582,,,,,,4ejpywei,Qwen-Manimator-1 (GRPO RL),GRPO,qwen-manimator
583,,,,,,4ejpywei,Qwen-Manimator-1 (GRPO RL),GRPO,qwen-manimator
584,,,,,,4ejpywei,Qwen-Manimator-1 (GRPO RL),GRPO,qwen-manimator
585,,,,,,4ejpywei,Qwen-Manimator-1 (GRPO RL),GRPO,qwen-manimator
586,,,,,,4ejpywei,Qwen-Manimator-1 (GRPO RL),GRPO,qwen-manimator
587,,,,,,4ejpywei,Qwen-Manimator-1 (GRPO RL),GRPO,qwen-manimator
588,,,,,,4ejpywei,Qwen-Manimator-1 (GRPO RL),GRPO,qwen-manimator
589,,,,,,4ejpywei,Qwen-Manimator-1 (GRPO RL),GRPO,qwen-manimator
590,,,,,,4ejpywei,Qwen-Manimator-1 (GRPO RL),GRPO,qwen-manimator
591,,,,,,4ejpywei,Qwen-Manimator-1 (GRPO RL),GRPO,qwen-manimator
592,,,,,,4ejpywei,Qwen-Manimator-1 (GRPO RL),GRPO,qwen-manimator
593,,,,,,4ejpywei,Qwen-Manimator-1 (GRPO RL),GRPO,qwen-manimator
594,,,,,,4ejpywei,Qwen-Manimator-1 (GRPO RL),GRPO,qwen-manimator
595,,,,,,4ejpywei,Qwen-Manimator-1 (GRPO RL),GRPO,qwen-manimator
596,,,,,,4ejpywei,Qwen-Manimator-1 (GRPO RL),GRPO,qwen-manimator
597,,,,,,4ejpywei,Qwen-Manimator-1 (GRPO RL),GRPO,qwen-manimator
598,,,,,,4ejpywei,Qwen-Manimator-1 (GRPO RL),GRPO,qwen-manimator
599,,,,,,4ejpywei,Qwen-Manimator-1 (GRPO RL),GRPO,qwen-manimator
600,,,,,,4ejpywei,Qwen-Manimator-1 (GRPO RL),GRPO,qwen-manimator
601,,,,,,4ejpywei,Qwen-Manimator-1 (GRPO RL),GRPO,qwen-manimator
602,,,,,,4ejpywei,Qwen-Manimator-1 (GRPO RL),GRPO,qwen-manimator
603,,,,,,4ejpywei,Qwen-Manimator-1 (GRPO RL),GRPO,qwen-manimator
604,,,,,,4ejpywei,Qwen-Manimator-1 (GRPO RL),GRPO,qwen-manimator
605,,,,,,4ejpywei,Qwen-Manimator-1 (GRPO RL),GRPO,qwen-manimator
606,,,,,,4ejpywei,Qwen-Manimator-1 (GRPO RL),GRPO,qwen-manimator
607,,,,,,4ejpywei,Qwen-Manimator-1 (GRPO RL),GRPO,qwen-manimator
608,,,,,,4ejpywei,Qwen-Manimator-1 (GRPO RL),GRPO,qwen-manimator
609,,,,,,4ejpywei,Qwen-Manimator-1 (GRPO RL),GRPO,qwen-manimator
610,,,,,,4ejpywei,Qwen-Manimator-1 (GRPO RL),GRPO,qwen-manimator
611,,,,,,4ejpywei,Qwen-Manimator-1 (GRPO RL),GRPO,qwen-manimator
612,,,,,,4ejpywei,Qwen-Manimator-1 (GRPO RL),GRPO,qwen-manimator
613,,,,,,4ejpywei,Qwen-Manimator-1 (GRPO RL),GRPO,qwen-manimator
614,,,,,,4ejpywei,Qwen-Manimator-1 (GRPO RL),GRPO,qwen-manimator
615,,,,,,4ejpywei,Qwen-Manimator-1 (GRPO RL),GRPO,qwen-manimator
616,,,,,,4ejpywei,Qwen-Manimator-1 (GRPO RL),GRPO,qwen-manimator
617,,,,,,4ejpywei,Qwen-Manimator-1 (GRPO RL),GRPO,qwen-manimator
618,,,,,,4ejpywei,Qwen-Manimator-1 (GRPO RL),GRPO,qwen-manimator
619,,,,,,4ejpywei,Qwen-Manimator-1 (GRPO RL),GRPO,qwen-manimator
620,,,,,,4ejpywei,Qwen-Manimator-1 (GRPO RL),GRPO,qwen-manimator
621,,,,,,4ejpywei,Qwen-Manimator-1 (GRPO RL),GRPO,qwen-manimator
622,,,,,,4ejpywei,Qwen-Manimator-1 (GRPO RL),GRPO,qwen-manimator
623,,,,,,4ejpywei,Qwen-Manimator-1 (GRPO RL),GRPO,qwen-manimator
624,,,,,,4ejpywei,Qwen-Manimator-1 (GRPO RL),GRPO,qwen-manimator
625,,,,,,4ejpywei,Qwen-Manimator-1 (GRPO RL),GRPO,qwen-manimator
626,,,,,,4ejpywei,Qwen-Manimator-1 (GRPO RL),GRPO,qwen-manimator
627,,,,,,4ejpywei,Qwen-Manimator-1 (GRPO RL),GRPO,qwen-manimator
628,,,,,,4ejpywei,Qwen-Manimator-1 (GRPO RL),GRPO,qwen-manimator
629,,,,,,4ejpywei,Qwen-Manimator-1 (GRPO RL),GRPO,qwen-manimator
630,,,,,,4ejpywei,Qwen-Manimator-1 (GRPO RL),GRPO,qwen-manimator
631,,,,,,4ejpywei,Qwen-Manimator-1 (GRPO RL),GRPO,qwen-manimator
632,,,,,,4ejpywei,Qwen-Manimator-1 (GRPO RL),GRPO,qwen-manimator
633,,,,,,4ejpywei,Qwen-Manimator-1 (GRPO RL),GRPO,qwen-manimator
634,,,,,,4ejpywei,Qwen-Manimator-1 (GRPO RL),GRPO,qwen-manimator
635,,,,,,4ejpywei,Qwen-Manimator-1 (GRPO RL),GRPO,qwen-manimator
636,,,,,,4ejpywei,Qwen-Manimator-1 (GRPO RL),GRPO,qwen-manimator
637,,,,,,4ejpywei,Qwen-Manimator-1 (GRPO RL),GRPO,qwen-manimator
638,0.0042,0.4304733783006668,0.06191338747739792,0.4304733783006668,0.0,4ejpywei,Qwen-Manimator-1 (GRPO RL),GRPO,qwen-manimator
639,,,,,,4ejpywei,Qwen-Manimator-1 (GRPO RL),GRPO,qwen-manimator
640,,,,,,4ejpywei,Qwen-Manimator-1 (GRPO RL),GRPO,qwen-manimator
641,,,,,,4ejpywei,Qwen-Manimator-1 (GRPO RL),GRPO,qwen-manimator
642,,,,,,4ejpywei,Qwen-Manimator-1 (GRPO RL),GRPO,qwen-manimator
643,,,,,,4ejpywei,Qwen-Manimator-1 (GRPO RL),GRPO,qwen-manimator
644,,,,,,4ejpywei,Qwen-Manimator-1 (GRPO RL),GRPO,qwen-manimator
645,,,,,,4ejpywei,Qwen-Manimator-1 (GRPO RL),GRPO,qwen-manimator
646,,,,,,4ejpywei,Qwen-Manimator-1 (GRPO RL),GRPO,qwen-manimator
647,,,,,,4ejpywei,Qwen-Manimator-1 (GRPO RL),GRPO,qwen-manimator
648,,,,,,4ejpywei,Qwen-Manimator-1 (GRPO RL),GRPO,qwen-manimator
649,,,,,,4ejpywei,Qwen-Manimator-1 (GRPO RL),GRPO,qwen-manimator
650,,,,,,4ejpywei,Qwen-Manimator-1 (GRPO RL),GRPO,qwen-manimator
651,,,,,,4ejpywei,Qwen-Manimator-1 (GRPO RL),GRPO,qwen-manimator
652,,,,,,4ejpywei,Qwen-Manimator-1 (GRPO RL),GRPO,qwen-manimator
653,,,,,,4ejpywei,Qwen-Manimator-1 (GRPO RL),GRPO,qwen-manimator
654,,,,,,4ejpywei,Qwen-Manimator-1 (GRPO RL),GRPO,qwen-manimator
655,,,,,,4ejpywei,Qwen-Manimator-1 (GRPO RL),GRPO,qwen-manimator
656,,,,,,4ejpywei,Qwen-Manimator-1 (GRPO RL),GRPO,qwen-manimator
657,,,,,,4ejpywei,Qwen-Manimator-1 (GRPO RL),GRPO,qwen-manimator
658,,,,,,4ejpywei,Qwen-Manimator-1 (GRPO RL),GRPO,qwen-manimator
659,,,,,,4ejpywei,Qwen-Manimator-1 (GRPO RL),GRPO,qwen-manimator
660,,,,,,4ejpywei,Qwen-Manimator-1 (GRPO RL),GRPO,qwen-manimator
661,,,,,,4ejpywei,Qwen-Manimator-1 (GRPO RL),GRPO,qwen-manimator
662,,,,,,4ejpywei,Qwen-Manimator-1 (GRPO RL),GRPO,qwen-manimator
663,,,,,,4ejpywei,Qwen-Manimator-1 (GRPO RL),GRPO,qwen-manimator
664,,,,,,4ejpywei,Qwen-Manimator-1 (GRPO RL),GRPO,qwen-manimator
665,,,,,,4ejpywei,Qwen-Manimator-1 (GRPO RL),GRPO,qwen-manimator
666,,,,,,4ejpywei,Qwen-Manimator-1 (GRPO RL),GRPO,qwen-manimator
667,,,,,,4ejpywei,Qwen-Manimator-1 (GRPO RL),GRPO,qwen-manimator
668,,,,,,4ejpywei,Qwen-Manimator-1 (GRPO RL),GRPO,qwen-manimator
669,,,,,,4ejpywei,Qwen-Manimator-1 (GRPO RL),GRPO,qwen-manimator
670,,,,,,4ejpywei,Qwen-Manimator-1 (GRPO RL),GRPO,qwen-manimator
671,,,,,,4ejpywei,Qwen-Manimator-1 (GRPO RL),GRPO,qwen-manimator
672,,,,,,4ejpywei,Qwen-Manimator-1 (GRPO RL),GRPO,qwen-manimator
673,,,,,,4ejpywei,Qwen-Manimator-1 (GRPO RL),GRPO,qwen-manimator
674,,,,,,4ejpywei,Qwen-Manimator-1 (GRPO RL),GRPO,qwen-manimator
675,,,,,,4ejpywei,Qwen-Manimator-1 (GRPO RL),GRPO,qwen-manimator
676,,,,,,4ejpywei,Qwen-Manimator-1 (GRPO RL),GRPO,qwen-manimator
677,,,,,,4ejpywei,Qwen-Manimator-1 (GRPO RL),GRPO,qwen-manimator
678,,,,,,4ejpywei,Qwen-Manimator-1 (GRPO RL),GRPO,qwen-manimator
679,,,,,,4ejpywei,Qwen-Manimator-1 (GRPO RL),GRPO,qwen-manimator
680,,,,,,4ejpywei,Qwen-Manimator-1 (GRPO RL),GRPO,qwen-manimator
681,,,,,,4ejpywei,Qwen-Manimator-1 (GRPO RL),GRPO,qwen-manimator
682,,,,,,4ejpywei,Qwen-Manimator-1 (GRPO RL),GRPO,qwen-manimator
683,,,,,,4ejpywei,Qwen-Manimator-1 (GRPO RL),GRPO,qwen-manimator
684,,,,,,4ejpywei,Qwen-Manimator-1 (GRPO RL),GRPO,qwen-manimator
685,,,,,,4ejpywei,Qwen-Manimator-1 (GRPO RL),GRPO,qwen-manimator
686,,,,,,4ejpywei,Qwen-Manimator-1 (GRPO RL),GRPO,qwen-manimator
687,,,,,,4ejpywei,Qwen-Manimator-1 (GRPO RL),GRPO,qwen-manimator
688,,,,,,4ejpywei,Qwen-Manimator-1 (GRPO RL),GRPO,qwen-manimator
689,,,,,,4ejpywei,Qwen-Manimator-1 (GRPO RL),GRPO,qwen-manimator
690,,,,,,4ejpywei,Qwen-Manimator-1 (GRPO RL),GRPO,qwen-manimator
691,,,,,,4ejpywei,Qwen-Manimator-1 (GRPO RL),GRPO,qwen-manimator
692,,,,,,4ejpywei,Qwen-Manimator-1 (GRPO RL),GRPO,qwen-manimator
693,,,,,,4ejpywei,Qwen-Manimator-1 (GRPO RL),GRPO,qwen-manimator
694,,,,,,4ejpywei,Qwen-Manimator-1 (GRPO RL),GRPO,qwen-manimator
695,,,,,,4ejpywei,Qwen-Manimator-1 (GRPO RL),GRPO,qwen-manimator
696,,,,,,4ejpywei,Qwen-Manimator-1 (GRPO RL),GRPO,qwen-manimator
697,,,,,,4ejpywei,Qwen-Manimator-1 (GRPO RL),GRPO,qwen-manimator
698,,,,,,4ejpywei,Qwen-Manimator-1 (GRPO RL),GRPO,qwen-manimator
699,,,,,,4ejpywei,Qwen-Manimator-1 (GRPO RL),GRPO,qwen-manimator
700,,,,,,4ejpywei,Qwen-Manimator-1 (GRPO RL),GRPO,qwen-manimator
701,,,,,,4ejpywei,Qwen-Manimator-1 (GRPO RL),GRPO,qwen-manimator
702,,,,,,4ejpywei,Qwen-Manimator-1 (GRPO RL),GRPO,qwen-manimator
703,,,,,,4ejpywei,Qwen-Manimator-1 (GRPO RL),GRPO,qwen-manimator
704,,,,,,4ejpywei,Qwen-Manimator-1 (GRPO RL),GRPO,qwen-manimator
705,,,,,,4ejpywei,Qwen-Manimator-1 (GRPO RL),GRPO,qwen-manimator
706,,,,,,4ejpywei,Qwen-Manimator-1 (GRPO RL),GRPO,qwen-manimator
707,,,,,,4ejpywei,Qwen-Manimator-1 (GRPO RL),GRPO,qwen-manimator
708,,,,,,4ejpywei,Qwen-Manimator-1 (GRPO RL),GRPO,qwen-manimator
709,-0.0187,0.4013471335172653,0.05226326137781143,0.4013471335172653,0.0,4ejpywei,Qwen-Manimator-1 (GRPO RL),GRPO,qwen-manimator
710,,,,,,4ejpywei,Qwen-Manimator-1 (GRPO RL),GRPO,qwen-manimator
711,,,,,,4ejpywei,Qwen-Manimator-1 (GRPO RL),GRPO,qwen-manimator
712,,,,,,4ejpywei,Qwen-Manimator-1 (GRPO RL),GRPO,qwen-manimator
713,,,,,,4ejpywei,Qwen-Manimator-1 (GRPO RL),GRPO,qwen-manimator
714,,,,,,4ejpywei,Qwen-Manimator-1 (GRPO RL),GRPO,qwen-manimator
715,,,,,,4ejpywei,Qwen-Manimator-1 (GRPO RL),GRPO,qwen-manimator
716,,,,,,4ejpywei,Qwen-Manimator-1 (GRPO RL),GRPO,qwen-manimator
717,,,,,,4ejpywei,Qwen-Manimator-1 (GRPO RL),GRPO,qwen-manimator
718,,,,,,4ejpywei,Qwen-Manimator-1 (GRPO RL),GRPO,qwen-manimator
719,,,,,,4ejpywei,Qwen-Manimator-1 (GRPO RL),GRPO,qwen-manimator
720,,,,,,4ejpywei,Qwen-Manimator-1 (GRPO RL),GRPO,qwen-manimator
721,,,,,,4ejpywei,Qwen-Manimator-1 (GRPO RL),GRPO,qwen-manimator
722,,,,,,4ejpywei,Qwen-Manimator-1 (GRPO RL),GRPO,qwen-manimator
723,,,,,,4ejpywei,Qwen-Manimator-1 (GRPO RL),GRPO,qwen-manimator
724,,,,,,4ejpywei,Qwen-Manimator-1 (GRPO RL),GRPO,qwen-manimator
725,,,,,,4ejpywei,Qwen-Manimator-1 (GRPO RL),GRPO,qwen-manimator
726,,,,,,4ejpywei,Qwen-Manimator-1 (GRPO RL),GRPO,qwen-manimator
727,,,,,,4ejpywei,Qwen-Manimator-1 (GRPO RL),GRPO,qwen-manimator
728,,,,,,4ejpywei,Qwen-Manimator-1 (GRPO RL),GRPO,qwen-manimator
729,,,,,,4ejpywei,Qwen-Manimator-1 (GRPO RL),GRPO,qwen-manimator
730,,,,,,4ejpywei,Qwen-Manimator-1 (GRPO RL),GRPO,qwen-manimator
731,,,,,,4ejpywei,Qwen-Manimator-1 (GRPO RL),GRPO,qwen-manimator
732,,,,,,4ejpywei,Qwen-Manimator-1 (GRPO RL),GRPO,qwen-manimator
733,,,,,,4ejpywei,Qwen-Manimator-1 (GRPO RL),GRPO,qwen-manimator
734,,,,,,4ejpywei,Qwen-Manimator-1 (GRPO RL),GRPO,qwen-manimator
735,,,,,,4ejpywei,Qwen-Manimator-1 (GRPO RL),GRPO,qwen-manimator
736,,,,,,4ejpywei,Qwen-Manimator-1 (GRPO RL),GRPO,qwen-manimator
737,,,,,,4ejpywei,Qwen-Manimator-1 (GRPO RL),GRPO,qwen-manimator
738,,,,,,4ejpywei,Qwen-Manimator-1 (GRPO RL),GRPO,qwen-manimator
739,,,,,,4ejpywei,Qwen-Manimator-1 (GRPO RL),GRPO,qwen-manimator
740,,,,,,4ejpywei,Qwen-Manimator-1 (GRPO RL),GRPO,qwen-manimator
741,,,,,,4ejpywei,Qwen-Manimator-1 (GRPO RL),GRPO,qwen-manimator
742,,,,,,4ejpywei,Qwen-Manimator-1 (GRPO RL),GRPO,qwen-manimator
743,,,,,,4ejpywei,Qwen-Manimator-1 (GRPO RL),GRPO,qwen-manimator
744,,,,,,4ejpywei,Qwen-Manimator-1 (GRPO RL),GRPO,qwen-manimator
745,,,,,,4ejpywei,Qwen-Manimator-1 (GRPO RL),GRPO,qwen-manimator
746,,,,,,4ejpywei,Qwen-Manimator-1 (GRPO RL),GRPO,qwen-manimator
747,,,,,,4ejpywei,Qwen-Manimator-1 (GRPO RL),GRPO,qwen-manimator
748,,,,,,4ejpywei,Qwen-Manimator-1 (GRPO RL),GRPO,qwen-manimator
749,,,,,,4ejpywei,Qwen-Manimator-1 (GRPO RL),GRPO,qwen-manimator
750,,,,,,4ejpywei,Qwen-Manimator-1 (GRPO RL),GRPO,qwen-manimator
751,,,,,,4ejpywei,Qwen-Manimator-1 (GRPO RL),GRPO,qwen-manimator
752,,,,,,4ejpywei,Qwen-Manimator-1 (GRPO RL),GRPO,qwen-manimator
753,,,,,,4ejpywei,Qwen-Manimator-1 (GRPO RL),GRPO,qwen-manimator
754,,,,,,4ejpywei,Qwen-Manimator-1 (GRPO RL),GRPO,qwen-manimator
755,,,,,,4ejpywei,Qwen-Manimator-1 (GRPO RL),GRPO,qwen-manimator
756,,,,,,4ejpywei,Qwen-Manimator-1 (GRPO RL),GRPO,qwen-manimator
757,,,,,,4ejpywei,Qwen-Manimator-1 (GRPO RL),GRPO,qwen-manimator
758,,,,,,4ejpywei,Qwen-Manimator-1 (GRPO RL),GRPO,qwen-manimator
759,,,,,,4ejpywei,Qwen-Manimator-1 (GRPO RL),GRPO,qwen-manimator
760,,,,,,4ejpywei,Qwen-Manimator-1 (GRPO RL),GRPO,qwen-manimator
761,,,,,,4ejpywei,Qwen-Manimator-1 (GRPO RL),GRPO,qwen-manimator
762,,,,,,4ejpywei,Qwen-Manimator-1 (GRPO RL),GRPO,qwen-manimator
763,,,,,,4ejpywei,Qwen-Manimator-1 (GRPO RL),GRPO,qwen-manimator
764,,,,,,4ejpywei,Qwen-Manimator-1 (GRPO RL),GRPO,qwen-manimator
765,,,,,,4ejpywei,Qwen-Manimator-1 (GRPO RL),GRPO,qwen-manimator
766,,,,,,4ejpywei,Qwen-Manimator-1 (GRPO RL),GRPO,qwen-manimator
767,,,,,,4ejpywei,Qwen-Manimator-1 (GRPO RL),GRPO,qwen-manimator
768,,,,,,4ejpywei,Qwen-Manimator-1 (GRPO RL),GRPO,qwen-manimator
769,,,,,,4ejpywei,Qwen-Manimator-1 (GRPO RL),GRPO,qwen-manimator
770,,,,,,4ejpywei,Qwen-Manimator-1 (GRPO RL),GRPO,qwen-manimator
771,,,,,,4ejpywei,Qwen-Manimator-1 (GRPO RL),GRPO,qwen-manimator
772,,,,,,4ejpywei,Qwen-Manimator-1 (GRPO RL),GRPO,qwen-manimator
773,,,,,,4ejpywei,Qwen-Manimator-1 (GRPO RL),GRPO,qwen-manimator
774,,,,,,4ejpywei,Qwen-Manimator-1 (GRPO RL),GRPO,qwen-manimator
775,,,,,,4ejpywei,Qwen-Manimator-1 (GRPO RL),GRPO,qwen-manimator
776,,,,,,4ejpywei,Qwen-Manimator-1 (GRPO RL),GRPO,qwen-manimator
777,,,,,,4ejpywei,Qwen-Manimator-1 (GRPO RL),GRPO,qwen-manimator
778,,,,,,4ejpywei,Qwen-Manimator-1 (GRPO RL),GRPO,qwen-manimator
779,,,,,,4ejpywei,Qwen-Manimator-1 (GRPO RL),GRPO,qwen-manimator
780,0.0,0.43283205926418306,0.03583554406650365,0.43283205926418306,0.0,4ejpywei,Qwen-Manimator-1 (GRPO RL),GRPO,qwen-manimator
781,,,,,,4ejpywei,Qwen-Manimator-1 (GRPO RL),GRPO,qwen-manimator
782,,,,,,4ejpywei,Qwen-Manimator-1 (GRPO RL),GRPO,qwen-manimator
783,,,,,,4ejpywei,Qwen-Manimator-1 (GRPO RL),GRPO,qwen-manimator
784,,,,,,4ejpywei,Qwen-Manimator-1 (GRPO RL),GRPO,qwen-manimator
785,,,,,,4ejpywei,Qwen-Manimator-1 (GRPO RL),GRPO,qwen-manimator
786,,,,,,4ejpywei,Qwen-Manimator-1 (GRPO RL),GRPO,qwen-manimator
787,,,,,,4ejpywei,Qwen-Manimator-1 (GRPO RL),GRPO,qwen-manimator
788,,,,,,4ejpywei,Qwen-Manimator-1 (GRPO RL),GRPO,qwen-manimator
789,,,,,,4ejpywei,Qwen-Manimator-1 (GRPO RL),GRPO,qwen-manimator
790,,,,,,4ejpywei,Qwen-Manimator-1 (GRPO RL),GRPO,qwen-manimator
791,,,,,,4ejpywei,Qwen-Manimator-1 (GRPO RL),GRPO,qwen-manimator
792,,,,,,4ejpywei,Qwen-Manimator-1 (GRPO RL),GRPO,qwen-manimator
793,,,,,,4ejpywei,Qwen-Manimator-1 (GRPO RL),GRPO,qwen-manimator
794,,,,,,4ejpywei,Qwen-Manimator-1 (GRPO RL),GRPO,qwen-manimator
795,,,,,,4ejpywei,Qwen-Manimator-1 (GRPO RL),GRPO,qwen-manimator
796,,,,,,4ejpywei,Qwen-Manimator-1 (GRPO RL),GRPO,qwen-manimator
797,,,,,,4ejpywei,Qwen-Manimator-1 (GRPO RL),GRPO,qwen-manimator
798,,,,,,4ejpywei,Qwen-Manimator-1 (GRPO RL),GRPO,qwen-manimator
799,,,,,,4ejpywei,Qwen-Manimator-1 (GRPO RL),GRPO,qwen-manimator
800,,,,,,4ejpywei,Qwen-Manimator-1 (GRPO RL),GRPO,qwen-manimator
801,,,,,,4ejpywei,Qwen-Manimator-1 (GRPO RL),GRPO,qwen-manimator
802,,,,,,4ejpywei,Qwen-Manimator-1 (GRPO RL),GRPO,qwen-manimator
803,,,,,,4ejpywei,Qwen-Manimator-1 (GRPO RL),GRPO,qwen-manimator
804,,,,,,4ejpywei,Qwen-Manimator-1 (GRPO RL),GRPO,qwen-manimator
805,,,,,,4ejpywei,Qwen-Manimator-1 (GRPO RL),GRPO,qwen-manimator
806,,,,,,4ejpywei,Qwen-Manimator-1 (GRPO RL),GRPO,qwen-manimator
807,,,,,,4ejpywei,Qwen-Manimator-1 (GRPO RL),GRPO,qwen-manimator
808,,,,,,4ejpywei,Qwen-Manimator-1 (GRPO RL),GRPO,qwen-manimator
809,,,,,,4ejpywei,Qwen-Manimator-1 (GRPO RL),GRPO,qwen-manimator
810,,,,,,4ejpywei,Qwen-Manimator-1 (GRPO RL),GRPO,qwen-manimator
811,,,,,,4ejpywei,Qwen-Manimator-1 (GRPO RL),GRPO,qwen-manimator
812,,,,,,4ejpywei,Qwen-Manimator-1 (GRPO RL),GRPO,qwen-manimator
813,,,,,,4ejpywei,Qwen-Manimator-1 (GRPO RL),GRPO,qwen-manimator
814,,,,,,4ejpywei,Qwen-Manimator-1 (GRPO RL),GRPO,qwen-manimator
815,,,,,,4ejpywei,Qwen-Manimator-1 (GRPO RL),GRPO,qwen-manimator
816,,,,,,4ejpywei,Qwen-Manimator-1 (GRPO RL),GRPO,qwen-manimator
817,,,,,,4ejpywei,Qwen-Manimator-1 (GRPO RL),GRPO,qwen-manimator
818,,,,,,4ejpywei,Qwen-Manimator-1 (GRPO RL),GRPO,qwen-manimator
819,,,,,,4ejpywei,Qwen-Manimator-1 (GRPO RL),GRPO,qwen-manimator
820,,,,,,4ejpywei,Qwen-Manimator-1 (GRPO RL),GRPO,qwen-manimator
821,,,,,,4ejpywei,Qwen-Manimator-1 (GRPO RL),GRPO,qwen-manimator
822,,,,,,4ejpywei,Qwen-Manimator-1 (GRPO RL),GRPO,qwen-manimator
823,,,,,,4ejpywei,Qwen-Manimator-1 (GRPO RL),GRPO,qwen-manimator
824,,,,,,4ejpywei,Qwen-Manimator-1 (GRPO RL),GRPO,qwen-manimator
825,,,,,,4ejpywei,Qwen-Manimator-1 (GRPO RL),GRPO,qwen-manimator
826,,,,,,4ejpywei,Qwen-Manimator-1 (GRPO RL),GRPO,qwen-manimator
827,,,,,,4ejpywei,Qwen-Manimator-1 (GRPO RL),GRPO,qwen-manimator
828,,,,,,4ejpywei,Qwen-Manimator-1 (GRPO RL),GRPO,qwen-manimator
829,,,,,,4ejpywei,Qwen-Manimator-1 (GRPO RL),GRPO,qwen-manimator
830,,,,,,4ejpywei,Qwen-Manimator-1 (GRPO RL),GRPO,qwen-manimator
831,,,,,,4ejpywei,Qwen-Manimator-1 (GRPO RL),GRPO,qwen-manimator
832,,,,,,4ejpywei,Qwen-Manimator-1 (GRPO RL),GRPO,qwen-manimator
833,,,,,,4ejpywei,Qwen-Manimator-1 (GRPO RL),GRPO,qwen-manimator
834,,,,,,4ejpywei,Qwen-Manimator-1 (GRPO RL),GRPO,qwen-manimator
835,,,,,,4ejpywei,Qwen-Manimator-1 (GRPO RL),GRPO,qwen-manimator
836,,,,,,4ejpywei,Qwen-Manimator-1 (GRPO RL),GRPO,qwen-manimator
837,,,,,,4ejpywei,Qwen-Manimator-1 (GRPO RL),GRPO,qwen-manimator
838,,,,,,4ejpywei,Qwen-Manimator-1 (GRPO RL),GRPO,qwen-manimator
839,,,,,,4ejpywei,Qwen-Manimator-1 (GRPO RL),GRPO,qwen-manimator
840,,,,,,4ejpywei,Qwen-Manimator-1 (GRPO RL),GRPO,qwen-manimator
841,,,,,,4ejpywei,Qwen-Manimator-1 (GRPO RL),GRPO,qwen-manimator
842,,,,,,4ejpywei,Qwen-Manimator-1 (GRPO RL),GRPO,qwen-manimator
843,,,,,,4ejpywei,Qwen-Manimator-1 (GRPO RL),GRPO,qwen-manimator
844,,,,,,4ejpywei,Qwen-Manimator-1 (GRPO RL),GRPO,qwen-manimator
845,,,,,,4ejpywei,Qwen-Manimator-1 (GRPO RL),GRPO,qwen-manimator
846,,,,,,4ejpywei,Qwen-Manimator-1 (GRPO RL),GRPO,qwen-manimator
847,,,,,,4ejpywei,Qwen-Manimator-1 (GRPO RL),GRPO,qwen-manimator
848,,,,,,4ejpywei,Qwen-Manimator-1 (GRPO RL),GRPO,qwen-manimator
849,,,,,,4ejpywei,Qwen-Manimator-1 (GRPO RL),GRPO,qwen-manimator
850,,,,,,4ejpywei,Qwen-Manimator-1 (GRPO RL),GRPO,qwen-manimator
851,0.0,0.4366640090942383,0.0422150019556284,0.4366640090942383,0.0,4ejpywei,Qwen-Manimator-1 (GRPO RL),GRPO,qwen-manimator
852,,,,,,4ejpywei,Qwen-Manimator-1 (GRPO RL),GRPO,qwen-manimator
853,,,,,,4ejpywei,Qwen-Manimator-1 (GRPO RL),GRPO,qwen-manimator
854,,,,,,4ejpywei,Qwen-Manimator-1 (GRPO RL),GRPO,qwen-manimator
855,,,,,,4ejpywei,Qwen-Manimator-1 (GRPO RL),GRPO,qwen-manimator
856,,,,,,4ejpywei,Qwen-Manimator-1 (GRPO RL),GRPO,qwen-manimator
857,,,,,,4ejpywei,Qwen-Manimator-1 (GRPO RL),GRPO,qwen-manimator
858,,,,,,4ejpywei,Qwen-Manimator-1 (GRPO RL),GRPO,qwen-manimator
859,,,,,,4ejpywei,Qwen-Manimator-1 (GRPO RL),GRPO,qwen-manimator
860,,,,,,4ejpywei,Qwen-Manimator-1 (GRPO RL),GRPO,qwen-manimator
861,,,,,,4ejpywei,Qwen-Manimator-1 (GRPO RL),GRPO,qwen-manimator
862,,,,,,4ejpywei,Qwen-Manimator-1 (GRPO RL),GRPO,qwen-manimator
863,,,,,,4ejpywei,Qwen-Manimator-1 (GRPO RL),GRPO,qwen-manimator
864,,,,,,4ejpywei,Qwen-Manimator-1 (GRPO RL),GRPO,qwen-manimator
865,,,,,,4ejpywei,Qwen-Manimator-1 (GRPO RL),GRPO,qwen-manimator
866,,,,,,4ejpywei,Qwen-Manimator-1 (GRPO RL),GRPO,qwen-manimator
867,,,,,,4ejpywei,Qwen-Manimator-1 (GRPO RL),GRPO,qwen-manimator
868,,,,,,4ejpywei,Qwen-Manimator-1 (GRPO RL),GRPO,qwen-manimator
869,,,,,,4ejpywei,Qwen-Manimator-1 (GRPO RL),GRPO,qwen-manimator
870,,,,,,4ejpywei,Qwen-Manimator-1 (GRPO RL),GRPO,qwen-manimator
871,,,,,,4ejpywei,Qwen-Manimator-1 (GRPO RL),GRPO,qwen-manimator
872,,,,,,4ejpywei,Qwen-Manimator-1 (GRPO RL),GRPO,qwen-manimator
873,,,,,,4ejpywei,Qwen-Manimator-1 (GRPO RL),GRPO,qwen-manimator
874,,,,,,4ejpywei,Qwen-Manimator-1 (GRPO RL),GRPO,qwen-manimator
875,,,,,,4ejpywei,Qwen-Manimator-1 (GRPO RL),GRPO,qwen-manimator
876,,,,,,4ejpywei,Qwen-Manimator-1 (GRPO RL),GRPO,qwen-manimator
877,,,,,,4ejpywei,Qwen-Manimator-1 (GRPO RL),GRPO,qwen-manimator
878,,,,,,4ejpywei,Qwen-Manimator-1 (GRPO RL),GRPO,qwen-manimator
879,,,,,,4ejpywei,Qwen-Manimator-1 (GRPO RL),GRPO,qwen-manimator
880,,,,,,4ejpywei,Qwen-Manimator-1 (GRPO RL),GRPO,qwen-manimator
881,,,,,,4ejpywei,Qwen-Manimator-1 (GRPO RL),GRPO,qwen-manimator
882,,,,,,4ejpywei,Qwen-Manimator-1 (GRPO RL),GRPO,qwen-manimator
883,,,,,,4ejpywei,Qwen-Manimator-1 (GRPO RL),GRPO,qwen-manimator
884,,,,,,4ejpywei,Qwen-Manimator-1 (GRPO RL),GRPO,qwen-manimator
885,,,,,,4ejpywei,Qwen-Manimator-1 (GRPO RL),GRPO,qwen-manimator
886,,,,,,4ejpywei,Qwen-Manimator-1 (GRPO RL),GRPO,qwen-manimator
887,,,,,,4ejpywei,Qwen-Manimator-1 (GRPO RL),GRPO,qwen-manimator
888,,,,,,4ejpywei,Qwen-Manimator-1 (GRPO RL),GRPO,qwen-manimator
889,,,,,,4ejpywei,Qwen-Manimator-1 (GRPO RL),GRPO,qwen-manimator
890,,,,,,4ejpywei,Qwen-Manimator-1 (GRPO RL),GRPO,qwen-manimator
891,,,,,,4ejpywei,Qwen-Manimator-1 (GRPO RL),GRPO,qwen-manimator
892,,,,,,4ejpywei,Qwen-Manimator-1 (GRPO RL),GRPO,qwen-manimator
893,,,,,,4ejpywei,Qwen-Manimator-1 (GRPO RL),GRPO,qwen-manimator
894,,,,,,4ejpywei,Qwen-Manimator-1 (GRPO RL),GRPO,qwen-manimator
895,,,,,,4ejpywei,Qwen-Manimator-1 (GRPO RL),GRPO,qwen-manimator
896,,,,,,4ejpywei,Qwen-Manimator-1 (GRPO RL),GRPO,qwen-manimator
897,,,,,,4ejpywei,Qwen-Manimator-1 (GRPO RL),GRPO,qwen-manimator
898,,,,,,4ejpywei,Qwen-Manimator-1 (GRPO RL),GRPO,qwen-manimator
899,,,,,,4ejpywei,Qwen-Manimator-1 (GRPO RL),GRPO,qwen-manimator
900,,,,,,4ejpywei,Qwen-Manimator-1 (GRPO RL),GRPO,qwen-manimator
901,,,,,,4ejpywei,Qwen-Manimator-1 (GRPO RL),GRPO,qwen-manimator
902,,,,,,4ejpywei,Qwen-Manimator-1 (GRPO RL),GRPO,qwen-manimator
903,,,,,,4ejpywei,Qwen-Manimator-1 (GRPO RL),GRPO,qwen-manimator
904,,,,,,4ejpywei,Qwen-Manimator-1 (GRPO RL),GRPO,qwen-manimator
905,,,,,,4ejpywei,Qwen-Manimator-1 (GRPO RL),GRPO,qwen-manimator
906,,,,,,4ejpywei,Qwen-Manimator-1 (GRPO RL),GRPO,qwen-manimator
907,,,,,,4ejpywei,Qwen-Manimator-1 (GRPO RL),GRPO,qwen-manimator
908,,,,,,4ejpywei,Qwen-Manimator-1 (GRPO RL),GRPO,qwen-manimator
909,,,,,,4ejpywei,Qwen-Manimator-1 (GRPO RL),GRPO,qwen-manimator
910,,,,,,4ejpywei,Qwen-Manimator-1 (GRPO RL),GRPO,qwen-manimator
911,,,,,,4ejpywei,Qwen-Manimator-1 (GRPO RL),GRPO,qwen-manimator
912,,,,,,4ejpywei,Qwen-Manimator-1 (GRPO RL),GRPO,qwen-manimator
913,,,,,,4ejpywei,Qwen-Manimator-1 (GRPO RL),GRPO,qwen-manimator
914,,,,,,4ejpywei,Qwen-Manimator-1 (GRPO RL),GRPO,qwen-manimator
915,,,,,,4ejpywei,Qwen-Manimator-1 (GRPO RL),GRPO,qwen-manimator
916,,,,,,4ejpywei,Qwen-Manimator-1 (GRPO RL),GRPO,qwen-manimator
917,,,,,,4ejpywei,Qwen-Manimator-1 (GRPO RL),GRPO,qwen-manimator
918,,,,,,4ejpywei,Qwen-Manimator-1 (GRPO RL),GRPO,qwen-manimator
919,,,,,,4ejpywei,Qwen-Manimator-1 (GRPO RL),GRPO,qwen-manimator
920,,,,,,4ejpywei,Qwen-Manimator-1 (GRPO RL),GRPO,qwen-manimator
921,,,,,,4ejpywei,Qwen-Manimator-1 (GRPO RL),GRPO,qwen-manimator
922,0.0,0.4078353524208069,0.04035727991722524,0.4078353524208069,0.0,4ejpywei,Qwen-Manimator-1 (GRPO RL),GRPO,qwen-manimator
923,,,,,,4ejpywei,Qwen-Manimator-1 (GRPO RL),GRPO,qwen-manimator
924,,,,,,4ejpywei,Qwen-Manimator-1 (GRPO RL),GRPO,qwen-manimator
925,,,,,,4ejpywei,Qwen-Manimator-1 (GRPO RL),GRPO,qwen-manimator
926,,,,,,4ejpywei,Qwen-Manimator-1 (GRPO RL),GRPO,qwen-manimator
927,,,,,,4ejpywei,Qwen-Manimator-1 (GRPO RL),GRPO,qwen-manimator
928,,,,,,4ejpywei,Qwen-Manimator-1 (GRPO RL),GRPO,qwen-manimator
929,,,,,,4ejpywei,Qwen-Manimator-1 (GRPO RL),GRPO,qwen-manimator
930,,,,,,4ejpywei,Qwen-Manimator-1 (GRPO RL),GRPO,qwen-manimator
931,,,,,,4ejpywei,Qwen-Manimator-1 (GRPO RL),GRPO,qwen-manimator
932,,,,,,4ejpywei,Qwen-Manimator-1 (GRPO RL),GRPO,qwen-manimator
933,,,,,,4ejpywei,Qwen-Manimator-1 (GRPO RL),GRPO,qwen-manimator
934,,,,,,4ejpywei,Qwen-Manimator-1 (GRPO RL),GRPO,qwen-manimator
935,,,,,,4ejpywei,Qwen-Manimator-1 (GRPO RL),GRPO,qwen-manimator
936,,,,,,4ejpywei,Qwen-Manimator-1 (GRPO RL),GRPO,qwen-manimator
937,,,,,,4ejpywei,Qwen-Manimator-1 (GRPO RL),GRPO,qwen-manimator
938,,,,,,4ejpywei,Qwen-Manimator-1 (GRPO RL),GRPO,qwen-manimator
939,,,,,,4ejpywei,Qwen-Manimator-1 (GRPO RL),GRPO,qwen-manimator
940,,,,,,4ejpywei,Qwen-Manimator-1 (GRPO RL),GRPO,qwen-manimator
941,,,,,,4ejpywei,Qwen-Manimator-1 (GRPO RL),GRPO,qwen-manimator
942,,,,,,4ejpywei,Qwen-Manimator-1 (GRPO RL),GRPO,qwen-manimator
943,,,,,,4ejpywei,Qwen-Manimator-1 (GRPO RL),GRPO,qwen-manimator
944,,,,,,4ejpywei,Qwen-Manimator-1 (GRPO RL),GRPO,qwen-manimator
945,,,,,,4ejpywei,Qwen-Manimator-1 (GRPO RL),GRPO,qwen-manimator
946,,,,,,4ejpywei,Qwen-Manimator-1 (GRPO RL),GRPO,qwen-manimator
947,,,,,,4ejpywei,Qwen-Manimator-1 (GRPO RL),GRPO,qwen-manimator
948,,,,,,4ejpywei,Qwen-Manimator-1 (GRPO RL),GRPO,qwen-manimator
949,,,,,,4ejpywei,Qwen-Manimator-1 (GRPO RL),GRPO,qwen-manimator
950,,,,,,4ejpywei,Qwen-Manimator-1 (GRPO RL),GRPO,qwen-manimator
951,,,,,,4ejpywei,Qwen-Manimator-1 (GRPO RL),GRPO,qwen-manimator
952,,,,,,4ejpywei,Qwen-Manimator-1 (GRPO RL),GRPO,qwen-manimator
953,,,,,,4ejpywei,Qwen-Manimator-1 (GRPO RL),GRPO,qwen-manimator
954,,,,,,4ejpywei,Qwen-Manimator-1 (GRPO RL),GRPO,qwen-manimator
955,,,,,,4ejpywei,Qwen-Manimator-1 (GRPO RL),GRPO,qwen-manimator
956,,,,,,4ejpywei,Qwen-Manimator-1 (GRPO RL),GRPO,qwen-manimator
957,,,,,,4ejpywei,Qwen-Manimator-1 (GRPO RL),GRPO,qwen-manimator
958,,,,,,4ejpywei,Qwen-Manimator-1 (GRPO RL),GRPO,qwen-manimator
959,,,,,,4ejpywei,Qwen-Manimator-1 (GRPO RL),GRPO,qwen-manimator
960,,,,,,4ejpywei,Qwen-Manimator-1 (GRPO RL),GRPO,qwen-manimator
961,,,,,,4ejpywei,Qwen-Manimator-1 (GRPO RL),GRPO,qwen-manimator
962,,,,,,4ejpywei,Qwen-Manimator-1 (GRPO RL),GRPO,qwen-manimator
963,,,,,,4ejpywei,Qwen-Manimator-1 (GRPO RL),GRPO,qwen-manimator
964,,,,,,4ejpywei,Qwen-Manimator-1 (GRPO RL),GRPO,qwen-manimator
965,,,,,,4ejpywei,Qwen-Manimator-1 (GRPO RL),GRPO,qwen-manimator
966,,,,,,4ejpywei,Qwen-Manimator-1 (GRPO RL),GRPO,qwen-manimator
967,,,,,,4ejpywei,Qwen-Manimator-1 (GRPO RL),GRPO,qwen-manimator
968,,,,,,4ejpywei,Qwen-Manimator-1 (GRPO RL),GRPO,qwen-manimator
969,,,,,,4ejpywei,Qwen-Manimator-1 (GRPO RL),GRPO,qwen-manimator
970,,,,,,4ejpywei,Qwen-Manimator-1 (GRPO RL),GRPO,qwen-manimator
971,,,,,,4ejpywei,Qwen-Manimator-1 (GRPO RL),GRPO,qwen-manimator
972,,,,,,4ejpywei,Qwen-Manimator-1 (GRPO RL),GRPO,qwen-manimator
973,,,,,,4ejpywei,Qwen-Manimator-1 (GRPO RL),GRPO,qwen-manimator
974,,,,,,4ejpywei,Qwen-Manimator-1 (GRPO RL),GRPO,qwen-manimator
975,,,,,,4ejpywei,Qwen-Manimator-1 (GRPO RL),GRPO,qwen-manimator
976,,,,,,4ejpywei,Qwen-Manimator-1 (GRPO RL),GRPO,qwen-manimator
977,,,,,,4ejpywei,Qwen-Manimator-1 (GRPO RL),GRPO,qwen-manimator
978,,,,,,4ejpywei,Qwen-Manimator-1 (GRPO RL),GRPO,qwen-manimator
979,,,,,,4ejpywei,Qwen-Manimator-1 (GRPO RL),GRPO,qwen-manimator
980,,,,,,4ejpywei,Qwen-Manimator-1 (GRPO RL),GRPO,qwen-manimator
981,,,,,,4ejpywei,Qwen-Manimator-1 (GRPO RL),GRPO,qwen-manimator
982,,,,,,4ejpywei,Qwen-Manimator-1 (GRPO RL),GRPO,qwen-manimator
983,,,,,,4ejpywei,Qwen-Manimator-1 (GRPO RL),GRPO,qwen-manimator
984,,,,,,4ejpywei,Qwen-Manimator-1 (GRPO RL),GRPO,qwen-manimator
985,,,,,,4ejpywei,Qwen-Manimator-1 (GRPO RL),GRPO,qwen-manimator
986,,,,,,4ejpywei,Qwen-Manimator-1 (GRPO RL),GRPO,qwen-manimator
987,,,,,,4ejpywei,Qwen-Manimator-1 (GRPO RL),GRPO,qwen-manimator
988,,,,,,4ejpywei,Qwen-Manimator-1 (GRPO RL),GRPO,qwen-manimator
989,,,,,,4ejpywei,Qwen-Manimator-1 (GRPO RL),GRPO,qwen-manimator
990,,,,,,4ejpywei,Qwen-Manimator-1 (GRPO RL),GRPO,qwen-manimator
991,,,,,,4ejpywei,Qwen-Manimator-1 (GRPO RL),GRPO,qwen-manimator
992,,,,,,4ejpywei,Qwen-Manimator-1 (GRPO RL),GRPO,qwen-manimator
993,-0.0479,0.41411395370960236,0.0700643764808774,0.41411395370960236,0.0,4ejpywei,Qwen-Manimator-1 (GRPO RL),GRPO,qwen-manimator
994,,,,,,4ejpywei,Qwen-Manimator-1 (GRPO RL),GRPO,qwen-manimator
995,,,,,,4ejpywei,Qwen-Manimator-1 (GRPO RL),GRPO,qwen-manimator
996,,,,,,4ejpywei,Qwen-Manimator-1 (GRPO RL),GRPO,qwen-manimator
997,,,,,,4ejpywei,Qwen-Manimator-1 (GRPO RL),GRPO,qwen-manimator
998,,,,,,4ejpywei,Qwen-Manimator-1 (GRPO RL),GRPO,qwen-manimator
999,,,,,,4ejpywei,Qwen-Manimator-1 (GRPO RL),GRPO,qwen-manimator
1000,,,,,,4ejpywei,Qwen-Manimator-1 (GRPO RL),GRPO,qwen-manimator
1001,,,,,,4ejpywei,Qwen-Manimator-1 (GRPO RL),GRPO,qwen-manimator
1002,,,,,,4ejpywei,Qwen-Manimator-1 (GRPO RL),GRPO,qwen-manimator
1003,,,,,,4ejpywei,Qwen-Manimator-1 (GRPO RL),GRPO,qwen-manimator
1004,,,,,,4ejpywei,Qwen-Manimator-1 (GRPO RL),GRPO,qwen-manimator
1005,,,,,,4ejpywei,Qwen-Manimator-1 (GRPO RL),GRPO,qwen-manimator
1006,,,,,,4ejpywei,Qwen-Manimator-1 (GRPO RL),GRPO,qwen-manimator
1007,,,,,,4ejpywei,Qwen-Manimator-1 (GRPO RL),GRPO,qwen-manimator
1008,,,,,,4ejpywei,Qwen-Manimator-1 (GRPO RL),GRPO,qwen-manimator
1009,,,,,,4ejpywei,Qwen-Manimator-1 (GRPO RL),GRPO,qwen-manimator
1010,,,,,,4ejpywei,Qwen-Manimator-1 (GRPO RL),GRPO,qwen-manimator
1011,,,,,,4ejpywei,Qwen-Manimator-1 (GRPO RL),GRPO,qwen-manimator
1012,,,,,,4ejpywei,Qwen-Manimator-1 (GRPO RL),GRPO,qwen-manimator
1013,,,,,,4ejpywei,Qwen-Manimator-1 (GRPO RL),GRPO,qwen-manimator
1014,,,,,,4ejpywei,Qwen-Manimator-1 (GRPO RL),GRPO,qwen-manimator
1015,,,,,,4ejpywei,Qwen-Manimator-1 (GRPO RL),GRPO,qwen-manimator
1016,,,,,,4ejpywei,Qwen-Manimator-1 (GRPO RL),GRPO,qwen-manimator
1017,,,,,,4ejpywei,Qwen-Manimator-1 (GRPO RL),GRPO,qwen-manimator
1018,,,,,,4ejpywei,Qwen-Manimator-1 (GRPO RL),GRPO,qwen-manimator
1019,,,,,,4ejpywei,Qwen-Manimator-1 (GRPO RL),GRPO,qwen-manimator
1020,,,,,,4ejpywei,Qwen-Manimator-1 (GRPO RL),GRPO,qwen-manimator
1021,,,,,,4ejpywei,Qwen-Manimator-1 (GRPO RL),GRPO,qwen-manimator
1022,,,,,,4ejpywei,Qwen-Manimator-1 (GRPO RL),GRPO,qwen-manimator
1023,,,,,,4ejpywei,Qwen-Manimator-1 (GRPO RL),GRPO,qwen-manimator
1024,,,,,,4ejpywei,Qwen-Manimator-1 (GRPO RL),GRPO,qwen-manimator
1025,,,,,,4ejpywei,Qwen-Manimator-1 (GRPO RL),GRPO,qwen-manimator
1026,,,,,,4ejpywei,Qwen-Manimator-1 (GRPO RL),GRPO,qwen-manimator
1027,,,,,,4ejpywei,Qwen-Manimator-1 (GRPO RL),GRPO,qwen-manimator
1028,,,,,,4ejpywei,Qwen-Manimator-1 (GRPO RL),GRPO,qwen-manimator
1029,,,,,,4ejpywei,Qwen-Manimator-1 (GRPO RL),GRPO,qwen-manimator
1030,,,,,,4ejpywei,Qwen-Manimator-1 (GRPO RL),GRPO,qwen-manimator
1031,,,,,,4ejpywei,Qwen-Manimator-1 (GRPO RL),GRPO,qwen-manimator
1032,,,,,,4ejpywei,Qwen-Manimator-1 (GRPO RL),GRPO,qwen-manimator
1033,,,,,,4ejpywei,Qwen-Manimator-1 (GRPO RL),GRPO,qwen-manimator
1034,,,,,,4ejpywei,Qwen-Manimator-1 (GRPO RL),GRPO,qwen-manimator
1035,,,,,,4ejpywei,Qwen-Manimator-1 (GRPO RL),GRPO,qwen-manimator
1036,,,,,,4ejpywei,Qwen-Manimator-1 (GRPO RL),GRPO,qwen-manimator
1037,,,,,,4ejpywei,Qwen-Manimator-1 (GRPO RL),GRPO,qwen-manimator
1038,,,,,,4ejpywei,Qwen-Manimator-1 (GRPO RL),GRPO,qwen-manimator
1039,,,,,,4ejpywei,Qwen-Manimator-1 (GRPO RL),GRPO,qwen-manimator
1040,,,,,,4ejpywei,Qwen-Manimator-1 (GRPO RL),GRPO,qwen-manimator
1041,,,,,,4ejpywei,Qwen-Manimator-1 (GRPO RL),GRPO,qwen-manimator
1042,,,,,,4ejpywei,Qwen-Manimator-1 (GRPO RL),GRPO,qwen-manimator
1043,,,,,,4ejpywei,Qwen-Manimator-1 (GRPO RL),GRPO,qwen-manimator
1044,,,,,,4ejpywei,Qwen-Manimator-1 (GRPO RL),GRPO,qwen-manimator
1045,,,,,,4ejpywei,Qwen-Manimator-1 (GRPO RL),GRPO,qwen-manimator
1046,,,,,,4ejpywei,Qwen-Manimator-1 (GRPO RL),GRPO,qwen-manimator
1047,,,,,,4ejpywei,Qwen-Manimator-1 (GRPO RL),GRPO,qwen-manimator
1048,,,,,,4ejpywei,Qwen-Manimator-1 (GRPO RL),GRPO,qwen-manimator
1049,,,,,,4ejpywei,Qwen-Manimator-1 (GRPO RL),GRPO,qwen-manimator
1050,,,,,,4ejpywei,Qwen-Manimator-1 (GRPO RL),GRPO,qwen-manimator
1051,,,,,,4ejpywei,Qwen-Manimator-1 (GRPO RL),GRPO,qwen-manimator
1052,,,,,,4ejpywei,Qwen-Manimator-1 (GRPO RL),GRPO,qwen-manimator
1053,,,,,,4ejpywei,Qwen-Manimator-1 (GRPO RL),GRPO,qwen-manimator
1054,,,,,,4ejpywei,Qwen-Manimator-1 (GRPO RL),GRPO,qwen-manimator
1055,,,,,,4ejpywei,Qwen-Manimator-1 (GRPO RL),GRPO,qwen-manimator
1056,,,,,,4ejpywei,Qwen-Manimator-1 (GRPO RL),GRPO,qwen-manimator
1057,,,,,,4ejpywei,Qwen-Manimator-1 (GRPO RL),GRPO,qwen-manimator
1058,,,,,,4ejpywei,Qwen-Manimator-1 (GRPO RL),GRPO,qwen-manimator
1059,,,,,,4ejpywei,Qwen-Manimator-1 (GRPO RL),GRPO,qwen-manimator
1060,,,,,,4ejpywei,Qwen-Manimator-1 (GRPO RL),GRPO,qwen-manimator
1061,,,,,,4ejpywei,Qwen-Manimator-1 (GRPO RL),GRPO,qwen-manimator
1062,,,,,,4ejpywei,Qwen-Manimator-1 (GRPO RL),GRPO,qwen-manimator
1063,,,,,,4ejpywei,Qwen-Manimator-1 (GRPO RL),GRPO,qwen-manimator
1064,0.0,0.4236725389957428,0.029457204206846655,0.4236725389957428,0.0,4ejpywei,Qwen-Manimator-1 (GRPO RL),GRPO,qwen-manimator
1065,,,,,,4ejpywei,Qwen-Manimator-1 (GRPO RL),GRPO,qwen-manimator
1066,,,,,,4ejpywei,Qwen-Manimator-1 (GRPO RL),GRPO,qwen-manimator
1067,,,,,,4ejpywei,Qwen-Manimator-1 (GRPO RL),GRPO,qwen-manimator
1068,,,,,,4ejpywei,Qwen-Manimator-1 (GRPO RL),GRPO,qwen-manimator
1069,,,,,,4ejpywei,Qwen-Manimator-1 (GRPO RL),GRPO,qwen-manimator
1070,,,,,,4ejpywei,Qwen-Manimator-1 (GRPO RL),GRPO,qwen-manimator
1071,,,,,,4ejpywei,Qwen-Manimator-1 (GRPO RL),GRPO,qwen-manimator
1072,,,,,,4ejpywei,Qwen-Manimator-1 (GRPO RL),GRPO,qwen-manimator
1073,,,,,,4ejpywei,Qwen-Manimator-1 (GRPO RL),GRPO,qwen-manimator
1074,,,,,,4ejpywei,Qwen-Manimator-1 (GRPO RL),GRPO,qwen-manimator
1075,,,,,,4ejpywei,Qwen-Manimator-1 (GRPO RL),GRPO,qwen-manimator
1076,,,,,,4ejpywei,Qwen-Manimator-1 (GRPO RL),GRPO,qwen-manimator
1077,,,,,,4ejpywei,Qwen-Manimator-1 (GRPO RL),GRPO,qwen-manimator
1078,,,,,,4ejpywei,Qwen-Manimator-1 (GRPO RL),GRPO,qwen-manimator
1079,,,,,,4ejpywei,Qwen-Manimator-1 (GRPO RL),GRPO,qwen-manimator
1080,,,,,,4ejpywei,Qwen-Manimator-1 (GRPO RL),GRPO,qwen-manimator
1081,,,,,,4ejpywei,Qwen-Manimator-1 (GRPO RL),GRPO,qwen-manimator
1082,,,,,,4ejpywei,Qwen-Manimator-1 (GRPO RL),GRPO,qwen-manimator
1083,,,,,,4ejpywei,Qwen-Manimator-1 (GRPO RL),GRPO,qwen-manimator
1084,,,,,,4ejpywei,Qwen-Manimator-1 (GRPO RL),GRPO,qwen-manimator
1085,,,,,,4ejpywei,Qwen-Manimator-1 (GRPO RL),GRPO,qwen-manimator
1086,,0.4438373843828837,0.04033501942952474,0.4438373843828837,0.0,4ejpywei,Qwen-Manimator-1 (GRPO RL),GRPO,qwen-manimator
