_step,train/loss,train/learning_rate,train/grad_norm,train/epoch,run_id,run_label,phase,family
0,0.8556742668151855,9.473684210526316e-05,0.23943208158016205,0.01603849238171612,6ar66uy9,AOS-Qwen2.5-Coder-7B (SFT),SFT,aos-qwen2.5
1,0.6220818519592285,0.0002,0.23993384838104248,0.03207698476343224,6ar66uy9,AOS-Qwen2.5-Coder-7B (SFT),SFT,aos-qwen2.5
2,0.592787504196167,0.00019986520883988232,0.2681846022605896,0.048115477145148355,6ar66uy9,AOS-Qwen2.5-Coder-7B (SFT),SFT,aos-qwen2.5
3,0.7362766265869141,0.00019946119873266613,0.25718408823013306,0.06415396952686447,6ar66uy9,AOS-Qwen2.5-Coder-7B (SFT),SFT,aos-qwen2.5
4,0.6076572895050049,0.00019878905881817252,0.20977632701396942,0.08019246190858059,6ar66uy9,AOS-Qwen2.5-Coder-7B (SFT),SFT,aos-qwen2.5
5,0.6327905178070068,0.00019785060106677818,0.27368107438087463,0.09623095429029671,6ar66uy9,AOS-Qwen2.5-Coder-7B (SFT),SFT,aos-qwen2.5
6,0.5670470237731934,0.0001966483553946637,0.21612916886806488,0.11226944667201283,6ar66uy9,AOS-Qwen2.5-Coder-7B (SFT),SFT,aos-qwen2.5
7,0.5255940437316895,0.00019518556284360696,0.5198851823806763,0.12830793905372895,6ar66uy9,AOS-Qwen2.5-Coder-7B (SFT),SFT,aos-qwen2.5
8,0.543147611618042,0.0001934661668437073,0.27267986536026,0.14434643143544507,6ar66uy9,AOS-Qwen2.5-Coder-7B (SFT),SFT,aos-qwen2.5
9,0.5779228687286377,0.00019149480258259533,0.3049522638320923,0.16038492381716118,6ar66uy9,AOS-Qwen2.5-Coder-7B (SFT),SFT,aos-qwen2.5
10,0.4613929271697998,0.0001892767845097864,0.2076864391565323,0.1764234161988773,6ar66uy9,AOS-Qwen2.5-Coder-7B (SFT),SFT,aos-qwen2.5
11,0.5549463748931884,0.0001868180920098644,0.4396090805530548,0.19246190858059342,6ar66uy9,AOS-Qwen2.5-Coder-7B (SFT),SFT,aos-qwen2.5
12,0.569306468963623,0.00018412535328311814,0.3660527467727661,0.20850040096230954,6ar66uy9,AOS-Qwen2.5-Coder-7B (SFT),SFT,aos-qwen2.5
13,0.5821253776550293,0.00018120582747708502,0.1972760707139969,0.22453889334402566,6ar66uy9,AOS-Qwen2.5-Coder-7B (SFT),SFT,aos-qwen2.5
14,0.5316959857940674,0.0001780673851171728,0.2205989509820938,0.24057738572574178,6ar66uy9,AOS-Qwen2.5-Coder-7B (SFT),SFT,aos-qwen2.5
15,0.4893980026245117,0.00017471848688911464,0.3209763467311859,0.2566158781074579,6ar66uy9,AOS-Qwen2.5-Coder-7B (SFT),SFT,aos-qwen2.5
16,0.6156208515167236,0.00017116816083045602,0.22365641593933105,0.272654370489174,6ar66uy9,AOS-Qwen2.5-Coder-7B (SFT),SFT,aos-qwen2.5
17,0.49480624198913575,0.00016742597799256182,0.2996334135532379,0.28869286287089013,6ar66uy9,AOS-Qwen2.5-Coder-7B (SFT),SFT,aos-qwen2.5
18,0.4323883056640625,0.00016350202663875386,0.24389825761318207,0.30473135525260625,6ar66uy9,AOS-Qwen2.5-Coder-7B (SFT),SFT,aos-qwen2.5
19,0.49517207145690917,0.00015940688504813662,0.20123155415058136,0.32076984763432237,6ar66uy9,AOS-Qwen2.5-Coder-7B (SFT),SFT,aos-qwen2.5
20,0.4920694351196289,0.00015515159299842707,0.2235747128725052,0.3368083400160385,6ar66uy9,AOS-Qwen2.5-Coder-7B (SFT),SFT,aos-qwen2.5
21,0.45705595016479494,0.00015074762200466556,0.2652305066585541,0.3528468323977546,6ar66uy9,AOS-Qwen2.5-Coder-7B (SFT),SFT,aos-qwen2.5
22,0.5545511245727539,0.00014620684439403962,0.30339616537094116,0.3688853247794707,6ar66uy9,AOS-Qwen2.5-Coder-7B (SFT),SFT,aos-qwen2.5
23,0.45386767387390137,0.00014154150130018866,0.24060960114002228,0.38492381716118684,6ar66uy9,AOS-Qwen2.5-Coder-7B (SFT),SFT,aos-qwen2.5
24,0.452122163772583,0.000136764169663272,0.2251451313495636,0.40096230954290296,6ar66uy9,AOS-Qwen2.5-Coder-7B (SFT),SFT,aos-qwen2.5
25,0.4738250732421875,0.00013188772832476188,0.23180487751960754,0.4170008019246191,6ar66uy9,AOS-Qwen2.5-Coder-7B (SFT),SFT,aos-qwen2.5
26,0.4431605815887451,0.00012692532330836346,0.3309747576713562,0.4330392943063352,6ar66uy9,AOS-Qwen2.5-Coder-7B (SFT),SFT,aos-qwen2.5
27,0.5595337867736816,0.0001218903323806595,0.2845246493816376,0.4490777866880513,6ar66uy9,AOS-Qwen2.5-Coder-7B (SFT),SFT,aos-qwen2.5
28,0.4872931957244873,0.00011679632898701649,0.2034643143415451,0.46511627906976744,6ar66uy9,AOS-Qwen2.5-Coder-7B (SFT),SFT,aos-qwen2.5
29,0.4253871917724609,0.00011165704565997593,0.21974681317806244,0.48115477145148355,6ar66uy9,AOS-Qwen2.5-Coder-7B (SFT),SFT,aos-qwen2.5
30,0.6228414058685303,0.0001064863369987743,0.2334064245223999,0.4971932638331997,6ar66uy9,AOS-Qwen2.5-Coder-7B (SFT),SFT,aos-qwen2.5
31,0.47080202102661134,0.0001012981423197931,0.2375243753194809,0.5132317562149158,6ar66uy9,AOS-Qwen2.5-Coder-7B (SFT),SFT,aos-qwen2.5
32,0.5011624336242676,9.610644807862625e-05,0.2481313794851303,0.529270248596632,6ar66uy9,AOS-Qwen2.5-Coder-7B (SFT),SFT,aos-qwen2.5
33,0.5073732852935791,9.092525016506858e-05,0.26985621452331543,0.545308740978348,6ar66uy9,AOS-Qwen2.5-Coder-7B (SFT),SFT,aos-qwen2.5
34,0.5075580596923828,8.57685161726715e-05,0.2127646654844284,0.5613472333600642,6ar66uy9,AOS-Qwen2.5-Coder-7B (SFT),SFT,aos-qwen2.5
35,0.5652923583984375,8.065014774458003e-05,0.3608267903327942,0.5773857257417803,6ar66uy9,AOS-Qwen2.5-Coder-7B (SFT),SFT,aos-qwen2.5
36,0.5291969776153564,7.558394309716088e-05,0.29399287700653076,0.5934242181234964,6ar66uy9,AOS-Qwen2.5-Coder-7B (SFT),SFT,aos-qwen2.5
37,0.6071077823638916,7.058355982245037e-05,0.3715669512748718,0.6094627105052125,6ar66uy9,AOS-Qwen2.5-Coder-7B (SFT),SFT,aos-qwen2.5
38,0.4355813980102539,6.566247806970119e-05,0.2957448661327362,0.6255012028869287,6ar66uy9,AOS-Qwen2.5-Coder-7B (SFT),SFT,aos-qwen2.5
39,0.4547995090484619,6.083396420528298e-05,0.2465248852968216,0.6415396952686447,6ar66uy9,AOS-Qwen2.5-Coder-7B (SFT),SFT,aos-qwen2.5
40,0.544422721862793,5.611103504890444e-05,0.27646735310554504,0.6575781876503609,6ar66uy9,AOS-Qwen2.5-Coder-7B (SFT),SFT,aos-qwen2.5
41,0.4789572715759277,5.1506422782568345e-05,0.3175499439239502,0.673616680032077,6ar66uy9,AOS-Qwen2.5-Coder-7B (SFT),SFT,aos-qwen2.5
42,0.4749605655670166,4.703254062686017e-05,0.21166108548641205,0.6896551724137931,6ar66uy9,AOS-Qwen2.5-Coder-7B (SFT),SFT,aos-qwen2.5
43,0.49417505264282224,4.270144937709981e-05,0.28615739941596985,0.7056936647955092,6ar66uy9,AOS-Qwen2.5-Coder-7B (SFT),SFT,aos-qwen2.5
44,0.5043060302734375,3.852482488956992e-05,0.3209630250930786,0.7217321571772254,6ar66uy9,AOS-Qwen2.5-Coder-7B (SFT),SFT,aos-qwen2.5
45,0.5336722373962403,3.45139266054715e-05,0.35783150792121887,0.7377706495589414,6ar66uy9,AOS-Qwen2.5-Coder-7B (SFT),SFT,aos-qwen2.5
46,0.41706504821777346,3.0679567197461134e-05,0.32956019043922424,0.7538091419406576,6ar66uy9,AOS-Qwen2.5-Coder-7B (SFT),SFT,aos-qwen2.5
47,0.579282808303833,2.7032083420597e-05,0.2667763829231262,0.7698476343223737,6ar66uy9,AOS-Qwen2.5-Coder-7B (SFT),SFT,aos-qwen2.5
48,0.42753233909606936,2.3581308246275103e-05,0.2805517017841339,0.7858861267040899,6ar66uy9,AOS-Qwen2.5-Coder-7B (SFT),SFT,aos-qwen2.5
49,0.4208191394805908,2.03365443542764e-05,0.20764222741127014,0.8019246190858059,6ar66uy9,AOS-Qwen2.5-Coder-7B (SFT),SFT,aos-qwen2.5
50,0.5364802837371826,1.730653905438714e-05,0.2714739441871643,0.8179631114675221,6ar66uy9,AOS-Qwen2.5-Coder-7B (SFT),SFT,aos-qwen2.5
51,0.39339189529418944,1.4499460705197998e-05,0.23918406665325165,0.8340016038492382,6ar66uy9,AOS-Qwen2.5-Coder-7B (SFT),SFT,aos-qwen2.5
52,0.5367461681365967,1.1922876693653585e-05,0.23295889794826508,0.8500400962309543,6ar66uy9,AOS-Qwen2.5-Coder-7B (SFT),SFT,aos-qwen2.5
53,0.5336514949798584,9.583733034714981e-06,0.22431901097297668,0.8660785886126704,6ar66uy9,AOS-Qwen2.5-Coder-7B (SFT),SFT,aos-qwen2.5
54,0.4166849613189697,7.488335646131628e-06,0.2615705728530884,0.8821170809943866,6ar66uy9,AOS-Qwen2.5-Coder-7B (SFT),SFT,aos-qwen2.5
55,0.45444717407226565,5.6423333488018095e-06,0.2761424481868744,0.8981555733761026,6ar66uy9,AOS-Qwen2.5-Coder-7B (SFT),SFT,aos-qwen2.5
56,0.6892553806304932,4.050702638550275e-06,0.2666269838809967,0.9141940657578188,6ar66uy9,AOS-Qwen2.5-Coder-7B (SFT),SFT,aos-qwen2.5
57,0.449284029006958,2.717734270375272e-06,0.34940019249916077,0.9302325581395349,6ar66uy9,AOS-Qwen2.5-Coder-7B (SFT),SFT,aos-qwen2.5
58,0.5577617645263672,1.6470216913317626e-06,0.20890814065933228,0.946271050521251,6ar66uy9,AOS-Qwen2.5-Coder-7B (SFT),SFT,aos-qwen2.5
59,0.5269218444824219,8.41451353233369e-07,0.34546586871147156,0.9623095429029671,6ar66uy9,AOS-Qwen2.5-Coder-7B (SFT),SFT,aos-qwen2.5
60,0.42452754974365237,3.0319493128866396e-07,0.19939899444580078,0.9783480352846833,6ar66uy9,AOS-Qwen2.5-Coder-7B (SFT),SFT,aos-qwen2.5
61,0.4241727352142334,3.370346964876036e-08,0.29731571674346924,0.9943865276663993,6ar66uy9,AOS-Qwen2.5-Coder-7B (SFT),SFT,aos-qwen2.5
62,,,,1.0,6ar66uy9,AOS-Qwen2.5-Coder-7B (SFT),SFT,aos-qwen2.5
